article_id,journal_key,journal_title_config,journal_title_crossref,publisher_family,article_url,doi,year,publication_date,volume,issue_number,pages,title,authors,article_type,crossref_subjects,abstract_text,n_keywords,keyword_extraction_status,keyword_source
10.1080/10503300512331327100,psychotherapy_research,Psychotherapy Research,Psychotherapy Research,taylor_francis,https://www.tandfonline.com/doi/full/10.1080/10503300512331327100,10.1080/10503300512331327100,2005,2005-1,15,1-2,129-139,Working relationship in a psychotherapeutic consultation,Dorothea Huber; Gerhard Henrich; Tobias Brandl,journal-article,,,0,no_keywords_found,
10.1080/10503300512331327056,psychotherapy_research,Psychotherapy Research,Psychotherapy Research,taylor_francis,https://www.tandfonline.com/doi/abs/10.1080/10503300512331327056,10.1080/10503300512331327056,2005,2005-1,15,1-2,69-80,Perspective divergence in the working alliance,Marilyn R. Fitzpatrick; Shigeru Iwakabe; Anastassios Stalikas,journal-article,,,0,no_keywords_found,
10.1080/10503300512331327038,psychotherapy_research,Psychotherapy Research,Psychotherapy Research,taylor_francis,https://www.tandfonline.com/doi/abs/10.1080/10503300512331327038,10.1080/10503300512331327038,2005,2005-1,15,1-2,55-68,"Looking beyond the negatives: A time period analysis of positive cognitions, negative cognitions, and working alliance in cognitive–behavior therapy for panic disorder",Leanne M. Casey; Tian P. S. Oei; Peter A. Newcombe,journal-article,,,0,no_keywords_found,
10.1080/10503300512331339152,psychotherapy_research,Psychotherapy Research,Psychotherapy Research,taylor_francis,https://www.tandfonline.com/doi/abs/10.1080/10503300512331339152,10.1080/10503300512331339152,2005,2005-1,15,1-2,1-2,On new developments,,journal-article,,,0,no_keywords_found,
10.1080/10503300512331327047,psychotherapy_research,Psychotherapy Research,Psychotherapy Research,taylor_francis,https://www.tandfonline.com/doi/abs/10.1080/10503300512331327047,10.1080/10503300512331327047,2005,2005-1,15,1-2,45-53,Therapeutic alliance evaluation in personality disorders psychotherapy,Vittorio Lingiardi; Ludovica Filippucci; Roberto Baiocco,journal-article,,,0,no_keywords_found,
10.1080/10503300512331327029,psychotherapy_research,Psychotherapy Research,Psychotherapy Research,taylor_francis,https://www.tandfonline.com/doi/abs/10.1080/10503300512331327029,10.1080/10503300512331327029,2005,2005-1,15,1-2,35-43,Associations between working alliance and outcome in Solution-Focused Brief Therapy and brief interpersonal therapy,Kara Brita Wettersten; James W. Lichtenberg; Brent Mallinckrodt,journal-article,,,0,no_keywords_found,
10.1080/10503300512331327074,psychotherapy_research,Psychotherapy Research,Psychotherapy Research,taylor_francis,https://www.tandfonline.com/doi/abs/10.1080/10503300512331327074,10.1080/10503300512331327074,2005,2005-1,15,1-2,91-102,"Complementary therapeutic relationship: Therapist behavior, interpersonal patterns, and therapeutic effects",Franz Caspar; Claudia Grossmann; Christina Unmüssig; Elisabeth Schramm,journal-article,,,0,no_keywords_found,
10.1080/10503300512331327001,psychotherapy_research,Psychotherapy Research,Psychotherapy Research,taylor_francis,https://www.tandfonline.com/doi/abs/10.1080/10503300512331327001,10.1080/10503300512331327001,2005,2005-1,15,1-2,9-23,"Therapeutic alliance: The best synthesizer of social influences on the therapeutic situation? On links to other constructs, determinants of its effectiveness, and its role for research in psychotherapy in general",Uwe Hentschel,journal-article,,,0,no_keywords_found,
10.1080/10503300512331326994,psychotherapy_research,Psychotherapy Research,Psychotherapy Research,taylor_francis,https://www.tandfonline.com/doi/abs/10.1080/10503300512331326994,10.1080/10503300512331326994,2005,2005-1,15,1-2,141-154,The Adolescent Therapeutic Alliance Scale (ATAS): Initial psychometrics and prediction of outcome in family-based substance abuse prevention counseling,Leyla Faw; Aaron Hogue; Suzanne Johnson; Gary M. Diamond; Howard A. Liddle,journal-article,,,0,no_keywords_found,
10.1080/10503300512331327092,psychotherapy_research,Psychotherapy Research,Psychotherapy Research,taylor_francis,https://www.tandfonline.com/doi/abs/10.1080/10503300512331327092,10.1080/10503300512331327092,2005,2005-1,15,1-2,117-127,Changes in motivation and the therapeutic alliance during a pretherapy diagnostic and motivation-enhancing phase among psychotherapy outpatients,Gerhard Rumpold; Stephan Doering; Ulrike Smrekar; Christian Schubert; Ruth Koza; Dieter S. Schatz; Annemarie Bertl-Schuessler; Nicola Janecke; Astrid Lampe; Gerhard Schuessler,journal-article,,,0,no_keywords_found,
10.1080/10503300512331327083,psychotherapy_research,Psychotherapy Research,Psychotherapy Research,taylor_francis,https://www.tandfonline.com/doi/full/10.1080/10503300512331327083,10.1080/10503300512331327083,2005,2005-1,15,1-2,103-116,Building an alliance: Early therapy process and the client–therapist connection,Harold Sexton; Henrik Littauer; Amy Sexton; Elisabeth Tømmerås,journal-article,,,0,no_keywords_found,
10.1080/10503300512331327010,psychotherapy_research,Psychotherapy Research,Psychotherapy Research,taylor_francis,https://www.tandfonline.com/doi/full/10.1080/10503300512331327010,10.1080/10503300512331327010,2005,2005-1,15,1-2,25-33,"The relation among the relationship conditions, working alliance, and outcome in both process–experiential and cognitive–behavioral psychotherapy",Jeanne C. Watson; Shari M. Geller,journal-article,,,0,no_keywords_found,
10.1080/10503300512331339143,psychotherapy_research,Psychotherapy Research,Psychotherapy Research,taylor_francis,https://www.tandfonline.com/doi/abs/10.1080/10503300512331339143,10.1080/10503300512331339143,2005,2005-1,15,1-2,3-7,The therapeutic relationship: Research and theory,Adam O. Horvath,journal-article,,,0,no_keywords_found,
10.1080/10503300512331327065,psychotherapy_research,Psychotherapy Research,Psychotherapy Research,taylor_francis,https://www.tandfonline.com/doi/abs/10.1080/10503300512331327065,10.1080/10503300512331327065,2005,2005-1,15,1-2,81-90,Nonverbal relationship regulation in psychotherapy,Cord Benecke; Doris Peham; Eva Bänninger-Huber,journal-article,,,0,no_keywords_found,
10.1080/10503300512331387834,psychotherapy_research,Psychotherapy Research,Psychotherapy Research,taylor_francis,https://www.tandfonline.com/doi/abs/10.1080/10503300512331387834,10.1080/10503300512331387834,2005,2005-7,15,3,210-225,"Who Comes, Who Stays, Who Profits? Predicting refusal, dropout, success, and relapse in a short intervention for social phobia",Tania Marie Lincoln; Winfried Rief; Kurt Hahlweg; Monika Frank; Ines von Witzleben; Brigitte Schroeder; Wolfgang Fiegenbaum,journal-article,,,0,no_keywords_found,
10.1080/10503300500091207,psychotherapy_research,Psychotherapy Research,Psychotherapy Research,taylor_francis,https://www.tandfonline.com/doi/abs/10.1080/10503300500091207,10.1080/10503300500091207,2005,2005-7,15,3,334-338,Therapeutic alliance and behavior inhibition,Johannes Michalak; Melanie Wiethoff; Dietmar Schulte,journal-article,,,0,no_keywords_found,
10.1080/10503300512331334968,psychotherapy_research,Psychotherapy Research,Psychotherapy Research,taylor_francis,https://www.tandfonline.com/doi/full/10.1080/10503300512331334968,10.1080/10503300512331334968,2005,2005-7,15,3,261-271,Reducing the dreaded: change of avoidance motivation in psychotherapy,Martin Grosse Holtforth; Klaus Grawe; Oliver Egger; Matthias Berking,journal-article,,,0,no_keywords_found,
10.1080/10503300500091124,psychotherapy_research,Psychotherapy Research,Psychotherapy Research,taylor_francis,https://www.tandfonline.com/doi/abs/10.1080/10503300500091124,10.1080/10503300500091124,2005,2005-7,15,3,339-344,"Measuring therapist adherence in psychotherapy for anorexia nervosa: Scale adaptation, psychometric properties, and distinguishing psychotherapies",Virginia V. W. McIntosh; Jennifer Jordan; Janice M. McKenzie; Suzanne E. Luty; Frances A. Carter; Janet D. Carter; Christopher M. A. Frampton; Peter R. Joyce,journal-article,,,0,no_keywords_found,
10.1080/10503300500090902,psychotherapy_research,Psychotherapy Research,Psychotherapy Research,taylor_francis,https://www.tandfonline.com/doi/abs/10.1080/10503300500090902,10.1080/10503300500090902,2005,2005-7,15,3,155-164,The Person of the Therapist,Mark Aveline,journal-article,,,0,no_keywords_found,
10.1080/10503300500091488,psychotherapy_research,Psychotherapy Research,Psychotherapy Research,taylor_francis,https://www.tandfonline.com/doi/abs/10.1080/10503300500091488,10.1080/10503300500091488,2005,2005-7,15,3,345-349,Benevolent interpersonal schemas facilitate therapeutic change: Further analysis of the menninger psychotherapy research project,Golan Shahar; Sidney J. Blatt,journal-article,,,0,no_keywords_found,
10.1080/10503300512331335066,psychotherapy_research,Psychotherapy Research,Psychotherapy Research,taylor_francis,https://www.tandfonline.com/doi/abs/10.1080/10503300512331335066,10.1080/10503300512331335066,2005,2005-7,15,3,350-351,Book Review,Donald Morgan,journal-article,,,0,no_keywords_found,
10.1080/10503300512331334995,psychotherapy_research,Psychotherapy Research,Psychotherapy Research,taylor_francis,https://www.tandfonline.com/doi/abs/10.1080/10503300512331334995,10.1080/10503300512331334995,2005,2005-7,15,3,236-247,Predicting outcomes of inpatient psychotherapy using quality management data: comparing classification and regression trees with logistic regression and linear discriminant analysis,Wolfgang Hannöver; Hans Kordy,journal-article,,,0,no_keywords_found,
10.1080/10503300512331387799,psychotherapy_research,Psychotherapy Research,Psychotherapy Research,taylor_francis,https://www.tandfonline.com/doi/abs/10.1080/10503300512331387799,10.1080/10503300512331387799,2005,2005-7,15,3,199-209,Evaluation of psychic change through the application of empirical and clinical techniques for a 2-year treatment: a single case study,Clara M. López Moreno; Cristina Schalayeff; Silvia R. Acosta; Pía Vernengo; Andrés J. Roussos; Beatríz Dorfman Lerner,journal-article,,,0,no_keywords_found,
10.1080/10503300512331387780,psychotherapy_research,Psychotherapy Research,Psychotherapy Research,taylor_francis,https://www.tandfonline.com/doi/abs/10.1080/10503300512331387780,10.1080/10503300512331387780,2005,2005-7,15,3,226-235,The relational reframe and parents’ problem constructions in attachment-based family therapy,Galia Moran; Gary M. Diamond; Guy S. Diamond,journal-article,,,0,no_keywords_found,
10.1080/10503300500091835,psychotherapy_research,Psychotherapy Research,Psychotherapy Research,taylor_francis,https://www.tandfonline.com/doi/abs/10.1080/10503300500091835,10.1080/10503300500091835,2005,2005-7,15,3,304-315,A systematic review of empirical studies of psychotherapy with women who were sexually abused as children,Dawn E. Peleikis; Alv A. Dahl,journal-article,,,0,no_keywords_found,
10.1080/10503300500138636,psychotherapy_research,Psychotherapy Research,Psychotherapy Research,taylor_francis,https://www.tandfonline.com/doi/abs/10.1080/10503300500138636,10.1080/10503300500138636,2005,2005-7,15,3,354-354,Erratum,,journal-article,,,0,no_keywords_found,
10.1080/10503300512331335048,psychotherapy_research,Psychotherapy Research,Psychotherapy Research,taylor_francis,https://www.tandfonline.com/doi/abs/10.1080/10503300512331335048,10.1080/10503300512331335048,2005,2005-7,15,3,178-187,Facial affective relationship offers of patients with panic disorder,Cord Benecke; Rainer Krause,journal-article,,,0,no_keywords_found,
10.1080/10503300500091272,psychotherapy_research,Psychotherapy Research,Psychotherapy Research,taylor_francis,https://www.tandfonline.com/doi/abs/10.1080/10503300500091272,10.1080/10503300500091272,2005,2005-7,15,3,325-333,Facial microbehavior and the emotional quality of the therapeutic relationship,Jörg Merten,journal-article,,,0,no_keywords_found,
10.1080/10503300512331335075,psychotherapy_research,Psychotherapy Research,Psychotherapy Research,taylor_francis,https://www.tandfonline.com/doi/abs/10.1080/10503300512331335075,10.1080/10503300512331335075,2005,2005-7,15,3,351-353,Book review,Irving B. Weiner,journal-article,,,0,no_keywords_found,
10.1080/10503300512331385188,psychotherapy_research,Psychotherapy Research,Psychotherapy Research,taylor_francis,https://www.tandfonline.com/doi/abs/10.1080/10503300512331385188,10.1080/10503300512331385188,2005,2005-7,15,3,248-260,Depth of emotional experience and outcome,Rhonda N. Goldman; Leslie S. Greenberg; Alberta E. Pos,journal-article,,,0,no_keywords_found,
10.1080/10503300512331335039,psychotherapy_research,Psychotherapy Research,Psychotherapy Research,taylor_francis,https://www.tandfonline.com/doi/abs/10.1080/10503300512331335039,10.1080/10503300512331335039,2005,2005-7,15,3,188-198,Dyadic affective interactive patterns in the intake interview as a predictor of outcome,Marcus Rasting; Manfred E. Beutel,journal-article,,,0,no_keywords_found,
10.1080/10503300500091801,psychotherapy_research,Psychotherapy Research,Psychotherapy Research,taylor_francis,https://www.tandfonline.com/doi/abs/10.1080/10503300500091801,10.1080/10503300500091801,2005,2005-7,15,3,316-324,Empirically based guidelines for goal-finding procedures in psychotherapy: Are some goals easier to attain than others?,Matthias Berking; Martin Grosse Holtforth; Claus Jacobi; Birgit Kröner-Herwig,journal-article,,,0,no_keywords_found,
10.1080/10503300512331387825,psychotherapy_research,Psychotherapy Research,Psychotherapy Research,taylor_francis,https://www.tandfonline.com/doi/abs/10.1080/10503300512331387825,10.1080/10503300512331387825,2005,2005-7,15,3,165-177,Early psychotherapy process and cluster B and C personality pathology: similarities and differences in interactions with symptomatic and interpersonal distress,Gregory G. Kolden; Marjorie H. Klein; Timothy J. Strauman; Sarah Chisholm-Stockard; Erin Heerey; Kristin L. Schneider; Tracey L. Smith,journal-article,,,0,no_keywords_found,
10.1080/10503300500090894,psychotherapy_research,Psychotherapy Research,Psychotherapy Research,taylor_francis,https://www.tandfonline.com/doi/full/10.1080/10503300500090894,10.1080/10503300500090894,2005,2005-7,15,3,287-303,Addressing religion and spirituality in psychotherapy: clients’ perspectives,Sarah Knox; Lynn Catlin; Margaret Casper; Lewis Z. Schlosser,journal-article,,,0,no_keywords_found,
10.1080/10503300512331334977,psychotherapy_research,Psychotherapy Research,Psychotherapy Research,taylor_francis,https://www.tandfonline.com/doi/full/10.1080/10503300512331334977,10.1080/10503300512331334977,2005,2005-7,15,3,272-286,"Stability, reliability, and norms for the inventory of interpersonal problems",Lucinda E. Woodward; Stanley A. Murrell; Robert F. Bettler,journal-article,,,0,no_keywords_found,
10.1080/10503300500091298,psychotherapy_research,Psychotherapy Research,Psychotherapy Research,taylor_francis,https://www.tandfonline.com/doi/full/10.1080/10503300500091298,10.1080/10503300500091298,2005,2005-10-1,15,4,445-456,The scales of psychological capacities: Measuring Change in psychic structure,Dorothea Huber; Gerhard Henrich; Guenther Klug,journal-article,,,0,no_keywords_found,
10.1080/10503300500091223,psychotherapy_research,Psychotherapy Research,Psychotherapy Research,taylor_francis,https://www.tandfonline.com/doi/full/10.1080/10503300500091223,10.1080/10503300500091223,2005,2005-10-1,15,4,382-391,The assessment of treatment strategy in cognitive–behavior therapy: Using the pivotal topic measure,M. Linden; M. Staats; T. Bär; D. Zubrägel,journal-article,,,0,no_keywords_found,
10.1080/10503300500091702,psychotherapy_research,Psychotherapy Research,Psychotherapy Research,taylor_francis,https://www.tandfonline.com/doi/full/10.1080/10503300500091702,10.1080/10503300500091702,2005,2005-10-1,15,4,409-419,Connection between patient and therapist and therapist's competence in schema-focused therapy of personality problems,Asle Hoffart; Harold Sexton; Hans M. Nordahl; Tore C. Stiles,journal-article,,,0,no_keywords_found,
10.1080/10503300500090910,psychotherapy_research,Psychotherapy Research,Psychotherapy Research,taylor_francis,https://www.tandfonline.com/doi/full/10.1080/10503300500090910,10.1080/10503300500090910,2005,2005-10-1,15,4,495-495,Book Review,Michael J. Lambert,journal-article,,,0,no_keywords_found,
10.1080/10503300500226241,psychotherapy_research,Psychotherapy Research,Psychotherapy Research,taylor_francis,https://www.tandfonline.com/doi/full/10.1080/10503300500226241,10.1080/10503300500226241,2005,2005-10-1,15,4,357-365,"Turning against self and its relation to symptom distress, interpersonal problems, and therapy outcome: A replicated and enhanced study",Franziska Geiser; Katrin Imbierowicz; Rupert Conrad; Ingo Wegener; Reinhard Liedtke,journal-article,,,0,no_keywords_found,
10.1080/10503300500091215,psychotherapy_research,Psychotherapy Research,Psychotherapy Research,taylor_francis,https://www.tandfonline.com/doi/full/10.1080/10503300500091215,10.1080/10503300500091215,2005,2005-10-1,15,4,470-482,The therapeutic relationship as reflected in linguistic interaction: Work on resistance,Ralph Grabhorn; Johannes Kaufhold; Mathias Michal; Gerd Overbeck,journal-article,,,0,no_keywords_found,
10.1080/10503300500226316,psychotherapy_research,Psychotherapy Research,Psychotherapy Research,taylor_francis,https://www.tandfonline.com/doi/full/10.1080/10503300500226316,10.1080/10503300500226316,2005,2005-10-1,15,4,366-373,In vivo processes in cognitive therapy for depression: Frequency and benefits,Jonathan W. Kanter; Jonathan S. Schildcrout; Robert J. Kohlenberg,journal-article,,,0,no_keywords_found,
10.1080/10503300500091660,psychotherapy_research,Psychotherapy Research,Psychotherapy Research,taylor_francis,https://www.tandfonline.com/doi/full/10.1080/10503300500091660,10.1080/10503300500091660,2005,2005-10-1,15,4,483-494,Influence of childhood adversities and defense styles on the 1-year follow-up of psychosomatic- psychotherapeutic inpatient treatment,Ralf Nickel; U. T. Egle,journal-article,,,0,no_keywords_found,
10.1080/10503300500091355,psychotherapy_research,Psychotherapy Research,Psychotherapy Research,taylor_francis,https://www.tandfonline.com/doi/full/10.1080/10503300500091355,10.1080/10503300500091355,2005,2005-10-1,15,4,374-381,A Psychotherapy process study of therapist in session self-awareness,Elizabeth Nutt Williams; James Fauth,journal-article,,,0,no_keywords_found,
10.1080/10503300500091405,psychotherapy_research,Psychotherapy Research,Psychotherapy Research,taylor_francis,https://www.tandfonline.com/doi/full/10.1080/10503300500091405,10.1080/10503300500091405,2005,2005-10-1,15,4,457-469,Development and Validation of the Theistic Spiritual Outcome Survey,P. Scott Richards; Timothy B. Smith; Marion Schowalter; Matthias Richard; Michael E. Berrett; Randy K. Hardman,journal-article,,,0,no_keywords_found,
10.1080/10503300500091587,psychotherapy_research,Psychotherapy Research,Psychotherapy Research,taylor_francis,https://www.tandfonline.com/doi/full/10.1080/10503300500091587,10.1080/10503300500091587,2005,2005-10-1,15,4,433-444,Exploring group process,Georgia Lepper; Erhard Mergenthaler,journal-article,,,0,no_keywords_found,
10.1080/10503300500091249,psychotherapy_research,Psychotherapy Research,Psychotherapy Research,taylor_francis,https://www.tandfonline.com/doi/full/10.1080/10503300500091249,10.1080/10503300500091249,2005,2005-10-1,15,4,420-432,Interactional positioning and narrative self-construction in the first session of psychodynamic–interpersonal psychotherapy,Anna Madill; Christos Sermpezis; Michael Barkham,journal-article,,,0,no_keywords_found,
10.1080/10503300500091322,psychotherapy_research,Psychotherapy Research,Psychotherapy Research,taylor_francis,https://www.tandfonline.com/doi/full/10.1080/10503300500091322,10.1080/10503300500091322,2005,2005-10-1,15,4,392-408,An exploratory study of the efficacy of a Cognitive–Behavioral Treatment for hypochondriasis using different measures of change,M. Pilar Martínez; Cristina Botella,journal-article,,,0,no_keywords_found,
10.1080/10503300500090928,psychotherapy_research,Psychotherapy Research,Psychotherapy Research,taylor_francis,https://www.tandfonline.com/doi/full/10.1080/10503300500090928,10.1080/10503300500090928,2006,2006-1,16,1,106-121,Attachment scales predict outcome in a randomized controlled trial of two group therapies for binge eating disorder: An aptitude by treatment interaction,Giorgio A. Tasca; Kerri Ritchie; Gretchen Conrad; Louise Balfour; Jane Gayton; Vanessa Lybanon; Hany Bissada,journal-article,,,0,no_keywords_found,
10.1080/10503300500478131,psychotherapy_research,Psychotherapy Research,Psychotherapy Research,taylor_francis,https://www.tandfonline.com/doi/abs/10.1080/10503300500478131,10.1080/10503300500478131,2006,2006-1,16,1,140-141,Book Review,,journal-article,,,0,no_keywords_found,
10.1080/10503300500090993,psychotherapy_research,Psychotherapy Research,Psychotherapy Research,taylor_francis,https://www.tandfonline.com/doi/abs/10.1080/10503300500090993,10.1080/10503300500090993,2006,2006-1,16,1,91-105,Client accounts of personal change in process–experiential psychotherapy: A methodologically pluralistic approach,Melissa J. Klein; Robert Elliott,journal-article,,,0,no_keywords_found,
10.1080/10503300500268094,psychotherapy_research,Psychotherapy Research,Psychotherapy Research,taylor_francis,https://www.tandfonline.com/doi/abs/10.1080/10503300500268094,10.1080/10503300500268094,2006,2006-1,16,1,51-66,Do psychoanalytic treatments have positive effects on health and health care utilization? Further findings of the Stockholm Uutcome of Psychotherapy and Psychoanalysis Project (STOPPP),Anna Lazar; Rolf Sandell; Johan Grant,journal-article,,,0,no_keywords_found,
10.1080/10503300500091025,psychotherapy_research,Psychotherapy Research,Psychotherapy Research,taylor_francis,https://www.tandfonline.com/doi/abs/10.1080/10503300500091025,10.1080/10503300500091025,2006,2006-1,16,1,80-90,Patient progress during two time-limited psychotherapies as measured by the Rutgers psychotherapy progress scale,Orya Tishby; Tali Assa; Gaby Shefler,journal-article,,,0,no_keywords_found,
10.1080/10503300500352500,psychotherapy_research,Psychotherapy Research,Psychotherapy Research,taylor_francis,https://www.tandfonline.com/doi/abs/10.1080/10503300500352500,10.1080/10503300500352500,2006,2006-1,16,1,12-25,Development and validation of a revised short version of the working alliance inventory,Robert L. Hatcher; J. Arthur Gillaspy,journal-article,,,0,no_keywords_found,
10.1080/10503300500512392,psychotherapy_research,Psychotherapy Research,Psychotherapy Research,taylor_francis,https://www.tandfonline.com/doi/abs/10.1080/10503300500512392,10.1080/10503300500512392,2006,2006-1,16,1,142-142,Erratum,,journal-article,,,0,no_keywords_found,
10.1080/10503300500091058,psychotherapy_research,Psychotherapy Research,Psychotherapy Research,taylor_francis,https://www.tandfonline.com/doi/abs/10.1080/10503300500091058,10.1080/10503300500091058,2006,2006-1,16,1,41-50,Do all treatments work for flight phobia? Computer-assisted exposure versus a brief multicomponent nonexposure treatment,Xavier Bornas; Miquel Tortella-Feliu; Jordi Llabrés,journal-article,,,0,no_keywords_found,
10.1080/10503300500090944,psychotherapy_research,Psychotherapy Research,Psychotherapy Research,taylor_francis,https://www.tandfonline.com/doi/abs/10.1080/10503300500090944,10.1080/10503300500090944,2006,2006-1,16,1,26-40,One-session virtual reality exposure treatment for fear of flying: 1-Year follow-up and graduation flight accompaniment effects,Andreas Mühlberger; Anne Weik; Paul Pauli; Georg Wiedemann,journal-article,,,0,no_keywords_found,
10.1080/10503300500395889,psychotherapy_research,Psychotherapy Research,Psychotherapy Research,taylor_francis,https://www.tandfonline.com/doi/abs/10.1080/10503300500395889,10.1080/10503300500395889,2006,2006-1,16,1,1-11,Conceptualization and treatment of personality disorders,John F. Clarkin,journal-article,,,0,no_keywords_found,
10.1080/10503300500268342,psychotherapy_research,Psychotherapy Research,Psychotherapy Research,taylor_francis,https://www.tandfonline.com/doi/abs/10.1080/10503300500268342,10.1080/10503300500268342,2006,2006-1,16,1,122-139,An investigation into the effectiveness of the arts therapies for adults with continuing mental health problems,H. Odell-Miller; P. Hughes; M. Westacott,journal-article,,,0,no_keywords_found,
10.1080/10503300500090977,psychotherapy_research,Psychotherapy Research,Psychotherapy Research,taylor_francis,https://www.tandfonline.com/doi/abs/10.1080/10503300500090977,10.1080/10503300500090977,2006,2006-1,16,1,67-79,Providers’ and payers’ endorsements of empirically supported therapy: A power–knowledge relationship?,Lee-Anne Greer; David L. Rennie,journal-article,,,0,no_keywords_found,
10.1080/10503300500268540,psychotherapy_research,Psychotherapy Research,Psychotherapy Research,taylor_francis,https://www.tandfonline.com/doi/abs/10.1080/10503300500268540,10.1080/10503300500268540,2006,2006-3,16,2,144-160,Therapist effects in the National Institute of Mental Health Treatment of Depression Collaborative Research Program,Irene Elkin; Lydia Falconnier; Zoran Martinovich; Colleen Mahoney,journal-article,,,0,no_keywords_found,
10.1080/10503300500282186,psychotherapy_research,Psychotherapy Research,Psychotherapy Research,taylor_francis,https://www.tandfonline.com/doi/abs/10.1080/10503300500282186,10.1080/10503300500282186,2006,2006-3,16,2,182-183,Rejoinder to commentaries by Stephen Soldz and Paul Crits-Christoph on therapist effects,Irene Elkin; Lydia Falconnier; Zoran Martinovich; Colleen Mahoney,journal-article,,,0,no_keywords_found,
10.1080/10503300500268060,psychotherapy_research,Psychotherapy Research,Psychotherapy Research,taylor_francis,https://www.tandfonline.com/doi/abs/10.1080/10503300500268060,10.1080/10503300500268060,2006,2006-3,16,2,201-213,Pre- and postsession ratings in integrative psychotherapy of schizophrenia: A way to better understand the mechanisms of in-session psychotherapeutic change?,Konstantia A. Zgantzouri; Nionia G. Vallianatou; Joannis N. Nestoros,journal-article,,,0,no_keywords_found,
10.1080/10503300500470583,psychotherapy_research,Psychotherapy Research,Psychotherapy Research,taylor_francis,https://www.tandfonline.com/doi/abs/10.1080/10503300500470583,10.1080/10503300500470583,2006,2006-3,16,2,143-143,Introduction to special section on therapist effects,,journal-article,,,0,no_keywords_found,
10.1080/10503300500485359,psychotherapy_research,Psychotherapy Research,Psychotherapy Research,taylor_francis,https://www.tandfonline.com/doi/abs/10.1080/10503300500485359,10.1080/10503300500485359,2006,2006-3,16,2,188-189,Introduction to the special section treatment of psychoses by psychotherapy,Bertram P. Karon,journal-article,,,0,no_keywords_found,
10.1080/10503300500288951,psychotherapy_research,Psychotherapy Research,Psychotherapy Research,taylor_francis,https://www.tandfonline.com/doi/full/10.1080/10503300500288951,10.1080/10503300500288951,2006,2006-3,16,2,229-240,"The role of therapist adherence, therapist competence, and alliance in predicting outcome of individual drug counseling: Results from the National Institute Drug Abuse Collaborative Cocaine Treatment Study",Jacques P. Barber; Robert Gallop; Paul Crits-Christoph; Arlene Frank; Michael E. Thase; Roger D. Weiss; Mary Beth Connolly Gibbons,journal-article,,,0,no_keywords_found,
10.1080/10503300500264937,psychotherapy_research,Psychotherapy Research,Psychotherapy Research,taylor_francis,https://www.tandfonline.com/doi/abs/10.1080/10503300500264937,10.1080/10503300500264937,2006,2006-3,16,2,173-177,Models and meanings: Therapist effects and the stories we tell,Stephen Soldz,journal-article,,,0,no_keywords_found,
10.1080/10503300500485458,psychotherapy_research,Psychotherapy Research,Psychotherapy Research,taylor_francis,https://www.tandfonline.com/doi/abs/10.1080/10503300500485458,10.1080/10503300500485458,2006,2006-3,16,2,241-249,Medical utilization and treatment outcome in mid- and long-term outpatient psychotherapy,Susanne Kraft; Bernd Puschner; Michael J. Lambert; Hans Kordy,journal-article,,,0,no_keywords_found,
10.1080/10503300500264911,psychotherapy_research,Psychotherapy Research,Psychotherapy Research,taylor_francis,https://www.tandfonline.com/doi/abs/10.1080/10503300500264911,10.1080/10503300500264911,2006,2006-3,16,2,161-172,Therapist effects in psychotherapy: A random-effects modeling of the National Institute of Mental Health Treatment of Depression Collaborative Research Program data,Don-Min Kim; Bruce E. Wampold; Daniel M. Bolt,journal-article,,,0,no_keywords_found,
10.1080/10503300500268458,psychotherapy_research,Psychotherapy Research,Psychotherapy Research,taylor_francis,https://www.tandfonline.com/doi/abs/10.1080/10503300500268458,10.1080/10503300500268458,2006,2006-3,16,2,190-200,A review of dramatherapy research in schizophrenia: methodologies and outcomes,Lambros Yotis,journal-article,,,0,no_keywords_found,
10.1080/10503300500265025,psychotherapy_research,Psychotherapy Research,Psychotherapy Research,taylor_francis,https://www.tandfonline.com/doi/abs/10.1080/10503300500265025,10.1080/10503300500265025,2006,2006-3,16,2,178-181,Therapist effects in the National Institute of Mental Health Treatment of Depression Collaborative Research Program and other psychotherapy studies,Paul Crits-Christoph; Robert Gallop,journal-article,,,0,no_keywords_found,
10.1080/10503300500265181,psychotherapy_research,Psychotherapy Research,Psychotherapy Research,taylor_francis,https://www.tandfonline.com/doi/abs/10.1080/10503300500265181,10.1080/10503300500265181,2006,2006-3,16,2,184-187,Therapist effects: Clever ways to make them (and everything else) disappear,Bruce E. Wampold; Daniel M. Bolt,journal-article,,,0,no_keywords_found,
10.1080/10503300500268490,psychotherapy_research,Psychotherapy Research,Psychotherapy Research,taylor_francis,https://www.tandfonline.com/doi/full/10.1080/10503300500268490,10.1080/10503300500268490,2006,2006-3,16,2,214-228,"Five-year experience of first-episode nonaffective psychosis in open-dialogue approach: Treatment principles, follow-up outcomes, and two case studies",Jaakko Seikkula; Jukka Aaltonen; Birgittu Alakare; Kauko Haarakangas; Jyrki Keränen; Klaus Lehtinen,journal-article,,,0,no_keywords_found,
10.1080/10503300500485474,psychotherapy_research,Psychotherapy Research,Psychotherapy Research,taylor_francis,https://www.tandfonline.com/doi/full/10.1080/10503300500485474,10.1080/10503300500485474,2006,2006-3,16,2,250-258,"Negative mood regulation expectancies, self-efficacy beliefs, and locus of control orientation: moderators or mediators of change in the treatment of depression?",Matthias Backenstrass; Thomas Schwarz; Peter Fiedler; Katharina Joest; Corinna Reck; Christoph Mundt; Klaus-Thomas Kronmueller,journal-article,,,0,no_keywords_found,
10.1080/10503300500264838,psychotherapy_research,Psychotherapy Research,Psychotherapy Research,taylor_francis,https://www.tandfonline.com/doi/abs/10.1080/10503300500264838,10.1080/10503300500264838,2006,2006-5,16,3,282-292,Teaching graduate trainees how to manage client anger: a comparison of three types of training,Shirley A. Hess; Sarah Knox; Clara E. Hill,journal-article,,,0,no_keywords_found,
10.1080/10503300600573104,psychotherapy_research,Psychotherapy Research,Psychotherapy Research,taylor_francis,https://www.tandfonline.com/doi/abs/10.1080/10503300600573104,10.1080/10503300600573104,2006,2006-5,16,3,385-387,Book Review,Jeffrey L. Binder,journal-article,,,0,no_keywords_found,
10.1080/10503300500273110,psychotherapy_research,Psychotherapy Research,Psychotherapy Research,taylor_francis,https://www.tandfonline.com/doi/abs/10.1080/10503300500273110,10.1080/10503300500273110,2006,2006-5,16,3,306-316,Therapists’ therapies: The relation between training therapy and patient change in long-term psychotherapy and psychoanalysis,Rolf Sandell; Jan Carlsson; Johan Schubert; Johan Grant; Anna Lazar; Jeanette Broberg,journal-article,,,0,no_keywords_found,
10.1080/10503300500485524,psychotherapy_research,Psychotherapy Research,Psychotherapy Research,taylor_francis,https://www.tandfonline.com/doi/abs/10.1080/10503300500485524,10.1080/10503300500485524,2006,2006-5,16,3,364-373,What is the predictive value of responses to psychotherapy for its future course? Empirical explorations and consequences for outcome monitoring,Robert Percevic; Michael J. Lambert; Hans Kordy,journal-article,,,0,no_keywords_found,
10.1080/10503300500268524,psychotherapy_research,Psychotherapy Research,Psychotherapy Research,taylor_francis,https://www.tandfonline.com/doi/abs/10.1080/10503300500268524,10.1080/10503300500268524,2006,2006-5,16,3,317-331,Clinical supervision: Its influence on client-rated working alliance and client symptom reduction in the brief treatment of major depression,Matthew Bambling; Robert King; Patrick Raue; Robert Schweitzer; Warren Lambert,journal-article,,,0,no_keywords_found,
10.1080/10503300500485540,psychotherapy_research,Psychotherapy Research,Psychotherapy Research,taylor_francis,https://www.tandfonline.com/doi/abs/10.1080/10503300500485540,10.1080/10503300500485540,2006,2006-5,16,3,357-363,Patients’ feedback after computer-assisted diagnostic interviews for mental disorders,Jürgen Hoyer; Uwe Ruhl; Denis Scholz; Hans-Ulrich Wittchen,journal-article,,,0,no_keywords_found,
10.1080/10503300500485425,psychotherapy_research,Psychotherapy Research,Psychotherapy Research,taylor_francis,https://www.tandfonline.com/doi/abs/10.1080/10503300500485425,10.1080/10503300500485425,2006,2006-5,16,3,374-384,"The sooner, the better: temporal patterns in brief treatment of depression and their role in long-term outcome",Eva Gilboa-Schechtman; Golan Shahar,journal-article,,,0,no_keywords_found,
10.1080/10503300500532663,psychotherapy_research,Psychotherapy Research,Psychotherapy Research,taylor_francis,https://www.tandfonline.com/doi/abs/10.1080/10503300500532663,10.1080/10503300500532663,2006,2006-5,16,3,332-347,"Personal therapy for Israeli school counselors: Prevalence, parameters, and professional difficulties and burnout",Hadas Wiseman; Sharon Egozi,journal-article,,,0,no_keywords_found,
10.1080/10503300500264887,psychotherapy_research,Psychotherapy Research,Psychotherapy Research,taylor_francis,https://www.tandfonline.com/doi/abs/10.1080/10503300500264887,10.1080/10503300500264887,2006,2006-5,16,3,293-305,Effects of training in short-term psychodynamic psychotherapy: changes in graduate clinician technique,Mark J. Hilsenroth; Jared A. Defife; Matthew D. Blagys; Steven J. Ackerman,journal-article,,,0,no_keywords_found,
10.1080/10503300500268557,psychotherapy_research,Psychotherapy Research,Psychotherapy Research,taylor_francis,https://www.tandfonline.com/doi/abs/10.1080/10503300500268557,10.1080/10503300500268557,2006,2006-5,16,3,268-281,Can therapists be trained to improve their alliances? A preliminary study of alliance-fostering psychotherapy,Paul Crits-Christoph; Mary Beth Connolly Gibbons; Katherine Crits-Christoph; Julia Narducci; Megan Schamberger; Robert Gallop,journal-article,,,0,no_keywords_found,
10.1080/10503300500485292,psychotherapy_research,Psychotherapy Research,Psychotherapy Research,taylor_francis,https://www.tandfonline.com/doi/abs/10.1080/10503300500485292,10.1080/10503300500485292,2006,2006-5,16,3,348-356,Importance of Psychotherapy motivation in patients with somatization syndrome,Barbara Timmer; Gaby Bleichhardt; Winfried Rief,journal-article,,,0,no_keywords_found,
10.1080/10503300600612241,psychotherapy_research,Psychotherapy Research,Psychotherapy Research,taylor_francis,https://www.tandfonline.com/doi/abs/10.1080/10503300600612241,10.1080/10503300600612241,2006,2006-5,16,3,261-267,The impact of psychotherapy training: Introduction to the special section,Michael Helge Rønnestad; Nicholas Ladany,journal-article,,,0,no_keywords_found,
10.1080/10503300500288829,psychotherapy_research,Psychotherapy Research,Psychotherapy Research,taylor_francis,https://www.tandfonline.com/doi/abs/10.1080/10503300500288829,10.1080/10503300500288829,2006,2006-8,16,4,408-421,What does the first exchange tell? Dialogical sequence analysis and assimilation in very brief therapy,William B. Stiles; Mikael Leiman; David A. Shapiro; Gillian E. Hardy; Michael Barkham; Niels B. Detert; Susan P. Llewelyn,journal-article,,,0,no_keywords_found,
10.1080/10503300600608082,psychotherapy_research,Psychotherapy Research,Psychotherapy Research,taylor_francis,https://www.tandfonline.com/doi/full/10.1080/10503300600608082,10.1080/10503300600608082,2006,2006-8,16,4,470-485,Differential effects of two forms of psychoanalytic therapy: Results of the Heidelberg-Berlin study,Tilman Grande; Reiner Dilg; Thorsten Jakobsen; Wolfram Keller; Bärbel Krawietz; Monika Langer; Claudia Oberbracht; Sabine Stehle; Margret Stennes; Gerd Rudolf,journal-article,,,0,no_keywords_found,
10.1080/10503300500485391,psychotherapy_research,Psychotherapy Research,Psychotherapy Research,taylor_francis,https://www.tandfonline.com/doi/abs/10.1080/10503300500485391,10.1080/10503300500485391,2006,2006-8,16,4,486-498,Client critical incidents in the process of early alliance development: A positive emotion–exploration spiral,Marilyn R. Fitzpatrick; Jennifer Janzen; Martha Chamodraka; Jeeseon Park,journal-article,,,0,no_keywords_found,
10.1080/10503300500294728,psychotherapy_research,Psychotherapy Research,Psychotherapy Research,taylor_francis,https://www.tandfonline.com/doi/full/10.1080/10503300500294728,10.1080/10503300500294728,2006,2006-8,16,4,393-407,Assimilation in good- and poor-outcome cases of very brief psychotherapy for mild depression: An initial comparison,Niels B. Detert; Susan Llewelyn; Gillian E. Hardy; Michael Barkham; William B. Stiles,journal-article,,,0,no_keywords_found,
10.1080/10503300600756436,psychotherapy_research,Psychotherapy Research,Psychotherapy Research,taylor_francis,https://www.tandfonline.com/doi/abs/10.1080/10503300600756436,10.1080/10503300600756436,2006,2006-8,16,4,422-435,The assimilation of problematic experiences in linguistic therapy of evaluation: How did maría assimilate the experience of dizziness?,Isabel Caro Gabalda,journal-article,,,0,no_keywords_found,
10.1080/10503300600647155,psychotherapy_research,Psychotherapy Research,Psychotherapy Research,taylor_francis,https://www.tandfonline.com/doi/abs/10.1080/10503300600647155,10.1080/10503300600647155,2006,2006-8,16,4,515-517,Book Review,,journal-article,,,0,no_keywords_found,
10.1080/10503300600590702,psychotherapy_research,Psychotherapy Research,Psychotherapy Research,taylor_francis,https://www.tandfonline.com/doi/abs/10.1080/10503300600590702,10.1080/10503300600590702,2006,2006-8,16,4,453-462,"Men, women, and their outcome in psychotherapy",John S. Ogrodniczuk,journal-article,,,0,no_keywords_found,
10.1080/10503300600593250,psychotherapy_research,Psychotherapy Research,Psychotherapy Research,taylor_francis,https://www.tandfonline.com/doi/abs/10.1080/10503300600593250,10.1080/10503300600593250,2006,2006-8,16,4,463-469,A temporal model of patient disclosure in psychotherapy,Barry A. Farber; Kathryn C. Berano; Joseph A. Capobianco,journal-article,,,0,no_keywords_found,
10.1080/10503300600593359,psychotherapy_research,Psychotherapy Research,Psychotherapy Research,taylor_francis,https://www.tandfonline.com/doi/full/10.1080/10503300600593359,10.1080/10503300600593359,2006,2006-8,16,4,499-514,Developmental changes in group climate in two types of group therapy for binge-eating disorder: A growth curve analysis,Giorgio A. Tasca; Louise Balfour; Kerri Ritchie; Hany Bissada,journal-article,,,0,no_keywords_found,
10.1080/10503300600735497,psychotherapy_research,Psychotherapy Research,Psychotherapy Research,taylor_francis,https://www.tandfonline.com/doi/abs/10.1080/10503300600735497,10.1080/10503300600735497,2006,2006-8,16,4,389-392,Assimilation and the process of outcome: Introduction to a special section,William B. Stiles,journal-article,,,0,no_keywords_found,
10.1080/10503300600743897,psychotherapy_research,Psychotherapy Research,Psychotherapy Research,taylor_francis,https://www.tandfonline.com/doi/abs/10.1080/10503300600743897,10.1080/10503300600743897,2006,2006-8,16,4,436-452,The assimilation of problematic experiences in the context of a therapeutic failure,Isabel Caro Gabalda,journal-article,,,0,no_keywords_found,
10.1080/10503300600591288,psychotherapy_research,Psychotherapy Research,Psychotherapy Research,taylor_francis,https://www.tandfonline.com/doi/abs/10.1080/10503300600591288,10.1080/10503300600591288,2006,2006-10,16,5,617-626,Reliability and validity of the Social Cognition and Object Relations Scale in clinical use,Eric J. Peters; Mark J. Hilsenroth; Erin M. Eudell-Simmons; Matthew D. Blagys; Leonard Handler,journal-article,,,0,no_keywords_found,
10.1080/10503300600591312,psychotherapy_research,Psychotherapy Research,Psychotherapy Research,taylor_francis,https://www.tandfonline.com/doi/abs/10.1080/10503300600591312,10.1080/10503300600591312,2006,2006-10,16,5,645-651,The contribution of bibliotherapy to the counseling of aggressive boys,Zipora Shechtman,journal-article,,,0,no_keywords_found,
10.1080/10503300600919398,psychotherapy_research,Psychotherapy Research,Psychotherapy Research,taylor_francis,https://www.tandfonline.com/doi/abs/10.1080/10503300600919398,10.1080/10503300600919398,2006,2006-10,16,5,519-525,Twenty-five years of psychological treatment research on unipolar depression in adult outpatients: Introduction to the special section,Karla Moras,journal-article,,,0,no_keywords_found,
10.1080/10503300600756402,psychotherapy_research,Psychotherapy Research,Psychotherapy Research,taylor_francis,https://www.tandfonline.com/doi/full/10.1080/10503300600756402,10.1080/10503300600756402,2006,2006-10,16,5,566-578,Relative efficacy of psychotherapy and pharmacotherapy in the treatment of depression: A meta-analysis,Saskia De Maat; Jack Dekker; Robert Schoevers; Frans De Jonghe,journal-article,,,0,no_keywords_found,
10.1080/10503300600802867,psychotherapy_research,Psychotherapy Research,Psychotherapy Research,taylor_francis,https://www.tandfonline.com/doi/abs/10.1080/10503300600802867,10.1080/10503300600802867,2006,2006-10,16,5,595-603,Modulating effect of experience and theoretical-technical orientation on the personal style of the therapist,Claudia Castañeiras; Fernando García; Julio Lo Bianco; Héctor Fernández-Alvarez,journal-article,,,0,no_keywords_found,
10.1080/10503300600589456,psychotherapy_research,Psychotherapy Research,Psychotherapy Research,taylor_francis,https://www.tandfonline.com/doi/full/10.1080/10503300600589456,10.1080/10503300600589456,2006,2006-10,16,5,537-549,The effects of adding emotion-focused interventions to the client-centered relationship conditions in the treatment of depression,Rhonda N. Goldman; Leslie S. Greenberg; Lynne Angus,journal-article,,,0,no_keywords_found,
10.1080/10503300600591379,psychotherapy_research,Psychotherapy Research,Psychotherapy Research,taylor_francis,https://www.tandfonline.com/doi/abs/10.1080/10503300600591379,10.1080/10503300600591379,2006,2006-10,16,5,526-536,The Mechanisms of Sudden Gains in Supportive–Expressive Therapy for Depression,Tomasz P. Andrusyna; Lester Luborsky; Thu Pham; Tony Z. Tang,journal-article,,,0,no_keywords_found,
10.1080/10503300600608215,psychotherapy_research,Psychotherapy Research,Psychotherapy Research,taylor_francis,https://www.tandfonline.com/doi/abs/10.1080/10503300600608215,10.1080/10503300600608215,2006,2006-10,16,5,639-644,Predicting a reduction of avoidance motivation in psychotherapy: Toward the delineation of differential processes of change operating at different phases of treatment,Martin Grosse Holtforth; Klaus Grawe; Louis G. Castonguay,journal-article,,,0,no_keywords_found,
10.1080/10503300600591635,psychotherapy_research,Psychotherapy Research,Psychotherapy Research,taylor_francis,https://www.tandfonline.com/doi/full/10.1080/10503300600591635,10.1080/10503300600591635,2006,2006-10,16,5,627-638,Assessing silent processes in psychotherapy: an empirically derived categorization system and sampling strategy,Ze'ev Frankel; Heidi M. Levitt; David M. Murray; Leslie S. Greenberg; Lynne Angus,journal-article,,,0,no_keywords_found,
10.1080/10503300500529370,psychotherapy_research,Psychotherapy Research,Psychotherapy Research,taylor_francis,https://www.tandfonline.com/doi/abs/10.1080/10503300500529370,10.1080/10503300500529370,2006,2006-10,16,5,550-565,Positive aspects of patients’ state: A measure for assessing outcome and predicting follow-up of treatment for depression,Irene Elkin; Alisa Ainbinder; Sun-Young Park; Jane Yamaguchi,journal-article,,,0,no_keywords_found,
10.1080/10503300600805217,psychotherapy_research,Psychotherapy Research,Psychotherapy Research,taylor_francis,https://www.tandfonline.com/doi/full/10.1080/10503300600805217,10.1080/10503300600805217,2006,2006-10,16,5,604-616,CHANGE NORMS: A COMPLEMENTARY APPROACH TO THE ISSUE OF CONTROL GROUPS IN PSYCHOTHERAPY OUTCOME RESEARCH,Falk Leichsenring; Sven Rabung,journal-article,,,0,no_keywords_found,
10.1080/10503300600608322,psychotherapy_research,Psychotherapy Research,Psychotherapy Research,taylor_francis,https://www.tandfonline.com/doi/abs/10.1080/10503300600608322,10.1080/10503300600608322,2006,2006-10,16,5,579-594,Attachment characteristics and treatment outcome following inpatient psychotherapy: Results of a multisite study,Bernhard Strauss; Helmut Kirchmann; Jochen Eckert; Audrey Lobo-Drost; Andrea Marquet; Rainer Papenhausen; Robert Mosheim; Wilfried Biebl; Anette Liebler; Klaus-Peter Seidler; Karin Schreiber-Willnow; Dankwart Mattke; Robert Mestel; Elke Daudert; Ralf Nickel; Henning Schauenburg; Diether Höger,journal-article,,,0,no_keywords_found,
10.1080/10503300600607605,psychotherapy_research,Psychotherapy Research,Psychotherapy Research,taylor_francis,https://www.tandfonline.com/doi/full/10.1080/10503300600607605,10.1080/10503300600607605,2007,2007-1,17,1,59-65,The effectiveness of long-term psychotherapy: Methodological research issues,Saskia de Maat; Jack Dekker; Robert Schoevers; Frans de Jonghe,journal-article,,,0,no_keywords_found,
10.1080/10503300601081321,psychotherapy_research,Psychotherapy Research,Psychotherapy Research,taylor_francis,https://www.tandfonline.com/doi/abs/10.1080/10503300601081321,10.1080/10503300601081321,2007,2007-1,17,1,129-129,Erratum,,journal-article,,,0,no_keywords_found,
10.1080/10503300601032506,psychotherapy_research,Psychotherapy Research,Psychotherapy Research,taylor_francis,https://www.tandfonline.com/doi/abs/10.1080/10503300601032506,10.1080/10503300601032506,2007,2007-1,17,1,1-14,Presidential address: What we have learned from a decade of research aimed at improving psychotherapy outcome in routine care,Michael Lambert,journal-article,,,0,no_keywords_found,
10.1080/10503300601081313,psychotherapy_research,Psychotherapy Research,Psychotherapy Research,taylor_francis,https://www.tandfonline.com/doi/abs/10.1080/10503300601081313,10.1080/10503300601081313,2007,2007-1,17,1,128-128,<b>Corrigendum</b>,,journal-article,,,0,no_keywords_found,
10.1080/10503300500477596,psychotherapy_research,Psychotherapy Research,Psychotherapy Research,taylor_francis,https://www.tandfonline.com/doi/abs/10.1080/10503300500477596,10.1080/10503300500477596,2007,2007-1,17,1,83-90,Parental bonding and emotional response to trauma: A study of rape victims,Simone Hauck; Sidnei Schestatsky; Luciana Terra; Letícia Kruel; Lúcia Helena Freitas Ceitlin,journal-article,,,0,no_keywords_found,
10.1080/10503300500497388,psychotherapy_research,Psychotherapy Research,Psychotherapy Research,taylor_francis,https://www.tandfonline.com/doi/full/10.1080/10503300500497388,10.1080/10503300500497388,2007,2007-1,17,1,91-105,Effectiveness of religiously tailored interventions in Christian therapy,Nathaniel G. Wade; Everett L. Worthington; David L. Vogel,journal-article,,,0,no_keywords_found,
10.1080/10503300500536953,psychotherapy_research,Psychotherapy Research,Psychotherapy Research,taylor_francis,https://www.tandfonline.com/doi/abs/10.1080/10503300500536953,10.1080/10503300500536953,2007,2007-1,17,1,106-119,Understanding minds: Different functions and different disorders? The contribution of psychotherapy research,Antonio Semerari; Antonino Carcione; Giancarlo Dimaggio; Giuseppe Nicolò; Michele Procacci,journal-article,,,0,no_keywords_found,
10.1080/10503300600953504,psychotherapy_research,Psychotherapy Research,Psychotherapy Research,taylor_francis,https://www.tandfonline.com/doi/full/10.1080/10503300600953504,10.1080/10503300600953504,2007,2007-1,17,1,31-45,"A programmatic study of short-term psychodynamic psychotherapy: Assessment, process, outcome, and training",Mark J. Hilsenroth,journal-article,,,0,no_keywords_found,
10.1080/10503300600590637,psychotherapy_research,Psychotherapy Research,Psychotherapy Research,taylor_francis,https://www.tandfonline.com/doi/abs/10.1080/10503300600590637,10.1080/10503300600590637,2007,2007-1,17,1,120-127,An investigation of psychoeducational interventions about therapy,Jennifer M. Fende Guajardo; Timothy Anderson,journal-article,,,0,no_keywords_found,
10.1080/10503300600720390,psychotherapy_research,Psychotherapy Research,Psychotherapy Research,taylor_francis,https://www.tandfonline.com/doi/abs/10.1080/10503300600720390,10.1080/10503300600720390,2007,2007-1,17,1,15-30,A guide to conducting a task analysis of psychotherapeutic change,Leslie S. Greenberg,journal-article,,,0,no_keywords_found,
10.1080/10503300500469098,psychotherapy_research,Psychotherapy Research,Psychotherapy Research,taylor_francis,https://www.tandfonline.com/doi/abs/10.1080/10503300500469098,10.1080/10503300500469098,2007,2007-1,17,1,66-82,Principles for facilitating agency in psychotherapy,Daniel C. Williams; Heidi M. Levitt,journal-article,,,0,no_keywords_found,
10.1080/10503300500485565,psychotherapy_research,Psychotherapy Research,Psychotherapy Research,taylor_francis,https://www.tandfonline.com/doi/abs/10.1080/10503300500485565,10.1080/10503300500485565,2007,2007-1,17,1,46-58,The impact of attachment organization on potential countertransference reactions,Annegret Martin; Anna Buchheim; Uwe Berger; Bernhard Strauss,journal-article,,,0,no_keywords_found,
10.1080/10503300600919380,psychotherapy_research,Psychotherapy Research,Psychotherapy Research,taylor_francis,https://www.tandfonline.com/doi/full/10.1080/10503300600919380,10.1080/10503300600919380,2007,2007-3,17,2,137-147,Autonomous motivation for therapy: A new common factor in brief treatments for depression,David C. Zuroff; Richard Koestner; D. S. Moskowitz; Carolina McBride; Margarita Marshall; Michael R. Bagby,journal-article,,,0,no_keywords_found,
10.1080/10503300600849140,psychotherapy_research,Psychotherapy Research,Psychotherapy Research,taylor_francis,https://www.tandfonline.com/doi/full/10.1080/10503300600849140,10.1080/10503300600849140,2007,2007-3,17,2,230-239,The influence of interpersonal factors on the speed of recovery from major depression,Andreas Comninos; Brin F S. Grenyer,journal-article,,,0,no_keywords_found,
10.1080/10503300600779420,psychotherapy_research,Psychotherapy Research,Psychotherapy Research,taylor_francis,https://www.tandfonline.com/doi/abs/10.1080/10503300600779420,10.1080/10503300600779420,2007,2007-3,17,2,185-195,Predictors of outcome and completion status in cognitive therapy for depression,Sari Saatsi; Gillian E. Hardy; Jane Cahill,journal-article,,,0,no_keywords_found,
10.1080/10503300600818210,psychotherapy_research,Psychotherapy Research,Psychotherapy Research,taylor_francis,https://www.tandfonline.com/doi/full/10.1080/10503300600818210,10.1080/10503300600818210,2007,2007-3,17,2,240-252,Predictors of sustained abstinence during psychosocial treatments for cocaine dependence,Paul Crits-Christoph; Mary Beth Connolly Gibbons; Jacques P. Barber; Bojun Hu; Bridget Hearon; Matt Worley; Robert Gallop,journal-article,,,0,no_keywords_found,
10.1080/10503300601175545,psychotherapy_research,Psychotherapy Research,Psychotherapy Research,taylor_francis,https://www.tandfonline.com/doi/abs/10.1080/10503300601175545,10.1080/10503300601175545,2007,2007-3,17,2,131-136,Issues and findings in investigating predictors of psychotherapy outcome: Introduction to the special section,Jacques P. Barber,journal-article,,,0,no_keywords_found,
10.1080/10503300601039626,psychotherapy_research,Psychotherapy Research,Psychotherapy Research,taylor_francis,https://www.tandfonline.com/doi/abs/10.1080/10503300601039626,10.1080/10503300601039626,2007,2007-3,17,2,253-257,Comment,,journal-article,,,0,no_keywords_found,
10.1080/10503300600608363,psychotherapy_research,Psychotherapy Research,Psychotherapy Research,taylor_francis,https://www.tandfonline.com/doi/full/10.1080/10503300600608363,10.1080/10503300600608363,2007,2007-3,17,2,205-217,"Self-Image as a Moderator of Change in PsychotherapyMargrethe S. Halvorsen and Jon T. Monsen, Department of Psychology, University of Oslo, Oslo, Norway.",Margrethe S. Halvorsen; Jon T. Monsen,journal-article,,,0,no_keywords_found,
10.1080/10503300701194206,psychotherapy_research,Psychotherapy Research,Psychotherapy Research,taylor_francis,https://www.tandfonline.com/doi/abs/10.1080/10503300701194206,10.1080/10503300701194206,2007,2007-3,17,2,160-171,Moderators of the effects of transference interpretations in brief dynamic psychotherapy,Per Høglend; Paul Johansson; Alice Marble; Kjell-Petter Bøgwald; Svein Amlo,journal-article,,,0,no_keywords_found,
10.1080/10503300600647163,psychotherapy_research,Psychotherapy Research,Psychotherapy Research,taylor_francis,https://www.tandfonline.com/doi/abs/10.1080/10503300600647163,10.1080/10503300600647163,2007,2007-3,17,2,258-260,Book Reviews,,journal-article,,,0,no_keywords_found,
10.1080/10503300600865393,psychotherapy_research,Psychotherapy Research,Psychotherapy Research,taylor_francis,https://www.tandfonline.com/doi/abs/10.1080/10503300600865393,10.1080/10503300600865393,2007,2007-3,17,2,148-159,INFLUENCES OF PATIENTS’ AND THERAPISTS’ INTERPERSONAL PROBLEMS AND THERAPEUTIC ALLIANCE ON OUTCOME IN PSYCHOTHERAPY,Ulrike Dinger; Micha Strack; Falk Leichsenring; Schauenburg Henning,journal-article,,,0,no_keywords_found,
10.1080/10503300600786748,psychotherapy_research,Psychotherapy Research,Psychotherapy Research,taylor_francis,https://www.tandfonline.com/doi/abs/10.1080/10503300600786748,10.1080/10503300600786748,2007,2007-3,17,2,172-184,The effects of borderline pathology on short-term psychodynamic psychotherapy for depression,Mark J. Hilsenroth; Jared A. Defife; Margaret M. Blake; Thomas D. Cromer,journal-article,,,0,no_keywords_found,
10.1080/10503300600702315,psychotherapy_research,Psychotherapy Research,Psychotherapy Research,taylor_francis,https://www.tandfonline.com/doi/full/10.1080/10503300600702315,10.1080/10503300600702315,2007,2007-3,17,2,218-229,Prediction of failure of inpatient treatment of anorexia nervosa from early weight gain,Armin Hartmann; Caroline Wirth; Almut Zeeck,journal-article,,,0,no_keywords_found,
10.1080/10503300600608439,psychotherapy_research,Psychotherapy Research,Psychotherapy Research,taylor_francis,https://www.tandfonline.com/doi/abs/10.1080/10503300600608439,10.1080/10503300600608439,2007,2007-3,17,2,196-204,Therapist attitudes and patient outcomes: II. Therapist attitudes influence change during treatment,Rolf Sandell; Anna Lazar; Johan Grant; Jan Carlsson; Johan Schubert; Jeanette Broberg,journal-article,,,0,no_keywords_found,
10.1080/10503300600830728,psychotherapy_research,Psychotherapy Research,Psychotherapy Research,taylor_francis,https://www.tandfonline.com/doi/abs/10.1080/10503300600830728,10.1080/10503300600830728,2007,2007-5,17,3,359-364,Similarities and differences between retrospective and pre–post measurements of outcome,Christoph Flückiger; Daniel Regli; Klaus Grawe; Wolfgang Lutz,journal-article,,,0,no_keywords_found,
10.1080/10503300600608173,psychotherapy_research,Psychotherapy Research,Psychotherapy Research,taylor_francis,https://www.tandfonline.com/doi/abs/10.1080/10503300600608173,10.1080/10503300600608173,2007,2007-5,17,3,315-319,The shape- and weight-based self-esteem inventory in adolescent girls with eating disorders and adolescent controls,Lucy Serpell; Marc Neiderman; Vicky Roberts; Bryan Lask,journal-article,,,0,no_keywords_found,
10.1080/10503300600830710,psychotherapy_research,Psychotherapy Research,Psychotherapy Research,taylor_francis,https://www.tandfonline.com/doi/full/10.1080/10503300600830710,10.1080/10503300600830710,2007,2007-5,17,3,351-358,Use of dialectical behavior therapy skills training for borderline personality disorder in a naturalistic setting,Rebecca M. Harley; Matthew R. Baity; Mark A. Blais; Michelle C. Jacobo,journal-article,,,0,no_keywords_found,
10.1080/10503300600650910,psychotherapy_research,Psychotherapy Research,Psychotherapy Research,taylor_francis,https://www.tandfonline.com/doi/full/10.1080/10503300600650910,10.1080/10503300600650910,2007,2007-5,17,3,329-342,Therapeutic ingredients in helping session episodes with observer-rated low and high empathic attunement: a content analysis of client and therapist postsession perceptions in three cases,Greet Vanaerschot; Germain Lietaer,journal-article,,,0,no_keywords_found,
10.1080/10503300600608116,psychotherapy_research,Psychotherapy Research,Psychotherapy Research,taylor_francis,https://www.tandfonline.com/doi/abs/10.1080/10503300600608116,10.1080/10503300600608116,2007,2007-5,17,3,305-314,Identifying core categories of client-identified impact of helpful events in psychotherapy: A qualitative meta-analysis,Ladislav Timulak,journal-article,,,0,no_keywords_found,
10.1080/10503300500529388,psychotherapy_research,Psychotherapy Research,Psychotherapy Research,taylor_francis,https://www.tandfonline.com/doi/full/10.1080/10503300500529388,10.1080/10503300500529388,2007,2007-5,17,3,271-288,Core process components in psychotherapy: A synthetic review of P-technique studies,Robert L. Russell; Marylouise E. Jones; Steven A. Miller,journal-article,,,0,no_keywords_found,
10.1080/10503300600650852,psychotherapy_research,Psychotherapy Research,Psychotherapy Research,taylor_francis,https://www.tandfonline.com/doi/abs/10.1080/10503300600650852,10.1080/10503300600650852,2007,2007-5,17,3,320-328,Therapists’ and clients’ perception of each other and working alliance in the behavioral treatment of panic disorder and agoraphobia,Jonas Ramnerö; Lars-Göran Öst,journal-article,,,0,no_keywords_found,
10.1080/10503300601139970,psychotherapy_research,Psychotherapy Research,Psychotherapy Research,taylor_francis,https://www.tandfonline.com/doi/abs/10.1080/10503300601139970,10.1080/10503300601139970,2007,2007-5,17,3,376-377,BOOK REVIEW,,journal-article,,,0,no_keywords_found,
10.1080/10503300500485581,psychotherapy_research,Psychotherapy Research,Psychotherapy Research,taylor_francis,https://www.tandfonline.com/doi/abs/10.1080/10503300500485581,10.1080/10503300500485581,2007,2007-5,17,3,261-270,Brazilian–Portuguese version of defensive style questionnaire-40 for the assessment of defense mechanisms: construct validity study,Carolina Blaya; Marina Dornelles; Rodrigo Blaya; Letícia Kipper; Elizeth Heldt; Luciano Isolan; Gisele Gus Manfro; Michael Bond,journal-article,,,0,no_keywords_found,
10.1080/10503300600607886,psychotherapy_research,Psychotherapy Research,Psychotherapy Research,taylor_francis,https://www.tandfonline.com/doi/abs/10.1080/10503300600607886,10.1080/10503300600607886,2007,2007-5,17,3,289-296,Effectiveness of music therapy for children and adolescents with psychopathology: A quasi-experimental study,Christian Gold; Tony Wigram; Martin Voracek,journal-article,,,0,no_keywords_found,
10.1080/10503300600823202,psychotherapy_research,Psychotherapy Research,Psychotherapy Research,taylor_francis,https://www.tandfonline.com/doi/abs/10.1080/10503300600823202,10.1080/10503300600823202,2007,2007-5,17,3,343-350,The supervisory attachment relationship as a predictor of the professional development of the supervisee,Joel T. Foster; James W. Lichtenberg; Vicki Peyton,journal-article,,,0,no_keywords_found,
10.1080/10503300600607944,psychotherapy_research,Psychotherapy Research,Psychotherapy Research,taylor_francis,https://www.tandfonline.com/doi/abs/10.1080/10503300600607944,10.1080/10503300600607944,2007,2007-5,17,3,297-304,Changes in interpersonal conflicts among adolescents during psychodynamic therapy,Orya Tishby; Irit Raitchick; Gaby Shefler,journal-article,,,0,no_keywords_found,
10.1080/10503300600830736,psychotherapy_research,Psychotherapy Research,Psychotherapy Research,taylor_francis,https://www.tandfonline.com/doi/abs/10.1080/10503300600830736,10.1080/10503300600830736,2007,2007-5,17,3,365-375,"The role of personality in psychotherapists’ careers: Relationships between personality traits, therapeutic schools, and job satisfaction",Sascha Topolinski; Guido Hertel,journal-article,,,0,no_keywords_found,
10.1080/10503300600953512,psychotherapy_research,Psychotherapy Research,Psychotherapy Research,taylor_francis,https://www.tandfonline.com/doi/abs/10.1080/10503300600953512,10.1080/10503300600953512,2007,2007-7,17,4,404-415,A classification and regression trees analysis predicting treatment outcome following a group intervention randomized controlled trial for HIV-positive adult survivors of childhood sexual abuse,Nathan Hansen; Trace Kershaw; Arlene Kochman; Kathleen Sikkema,journal-article,,,0,no_keywords_found,
10.1080/10503300600953520,psychotherapy_research,Psychotherapy Research,Psychotherapy Research,taylor_francis,https://www.tandfonline.com/doi/full/10.1080/10503300600953520,10.1080/10503300600953520,2007,2007-7,17,4,450-460,Psychotherapy with troubled spirits: A qualitative investigation,Chad V. Johnson; Jeffrey A. Hayes; Nathaniel G. Wade,journal-article,,,0,no_keywords_found,
10.1080/10503300600702331,psychotherapy_research,Psychotherapy Research,Psychotherapy Research,taylor_francis,https://www.tandfonline.com/doi/full/10.1080/10503300600702331,10.1080/10503300600702331,2007,2007-7,17,4,379-392,Enhancing outcome for potential treatment failures: Therapist–client feedback and clinical support tools,S. Cory Harmon; Michael J. Lambert; David M. Smart; Eric Hawkins; Stevan L. Nielsen; Karstin Slade; Wolfgang Lutz,journal-article,,,0,no_keywords_found,
10.1080/10503300600740703,psychotherapy_research,Psychotherapy Research,Psychotherapy Research,taylor_francis,https://www.tandfonline.com/doi/abs/10.1080/10503300600740703,10.1080/10503300600740703,2007,2007-7,17,4,416-422,Does shape matter? preferences for a female therapist's figure among patients with eating disorders,Silja Vocks; Tanja Legenbauer; Inga Peters,journal-article,,,0,no_keywords_found,
10.1080/10503300600702323,psychotherapy_research,Psychotherapy Research,Psychotherapy Research,taylor_francis,https://www.tandfonline.com/doi/abs/10.1080/10503300600702323,10.1080/10503300600702323,2007,2007-7,17,4,393-403,Assessing objective countertransference: A comparison of two different statistical procedures in three different samples,Anton Hafkenscheid; Donald Kiesler,journal-article,,,0,no_keywords_found,
10.1080/10503300701250354,psychotherapy_research,Psychotherapy Research,Psychotherapy Research,taylor_francis,https://www.tandfonline.com/doi/abs/10.1080/10503300701250354,10.1080/10503300701250354,2007,2007-7,17,4,504-507,Book Reviews,,journal-article,,,0,no_keywords_found,
10.1080/10503300600789189,psychotherapy_research,Psychotherapy Research,Psychotherapy Research,taylor_francis,https://www.tandfonline.com/doi/abs/10.1080/10503300600789189,10.1080/10503300600789189,2007,2007-7,17,4,423-430,Correlates of the real relationship in psychotherapy: A study of dyads,Jairo N. Fuertes; Alexa Mislowack; Sarah Brown; Shoval Gur-Arie; Shelby Wilkinson; Charles J. Gelso,journal-article,,,0,no_keywords_found,
10.1080/10503300600953538,psychotherapy_research,Psychotherapy Research,Psychotherapy Research,taylor_francis,https://www.tandfonline.com/doi/abs/10.1080/10503300600953538,10.1080/10503300600953538,2007,2007-7,17,4,443-449,New developments in core conflictual relationship theme (CCRT) research: a comparison of the QUAINT and CCRT–LU coding systems,Lisa M. Parker; Brin F. S. Grenyer,journal-article,,,0,no_keywords_found,
10.1080/10503300600977800,psychotherapy_research,Psychotherapy Research,Psychotherapy Research,taylor_francis,https://www.tandfonline.com/doi/full/10.1080/10503300600977800,10.1080/10503300600977800,2007,2007-7,17,4,482-493,"The relationship among emotional productivity, emotional arousal and outcome in experiential therapy of depression",L. S. Greenberg; L. Auszra; I. R. Herrmann,journal-article,,,0,no_keywords_found,
10.1080/10503300600755115,psychotherapy_research,Psychotherapy Research,Psychotherapy Research,taylor_francis,https://www.tandfonline.com/doi/abs/10.1080/10503300600755115,10.1080/10503300600755115,2007,2007-7,17,4,431-442,The effectiveness of personal construct psychotherapy in clinical practice: A systematic review and meta-analysis,Chris Metcalfe; David Winter; Linda Viney,journal-article,,,0,no_keywords_found,
10.1080/10503300600812775,psychotherapy_research,Psychotherapy Research,Psychotherapy Research,taylor_francis,https://www.tandfonline.com/doi/abs/10.1080/10503300600812775,10.1080/10503300600812775,2007,2007-7,17,4,461-473,Culture and the therapeutic relationship: Perspectives from Chinese clients,Jenny Jim; Nancy Pistrang,journal-article,,,0,no_keywords_found,
10.1080/10503300601130854,psychotherapy_research,Psychotherapy Research,Psychotherapy Research,taylor_francis,https://www.tandfonline.com/doi/abs/10.1080/10503300601130854,10.1080/10503300601130854,2007,2007-7,17,4,494-503,Self-ratings of pathogenic beliefs: A study based on the psychodynamic control-mastery theory,Isa Sammet; Falk Leichsenring; Henning Schauenburg; Sylke Andreas,journal-article,,,0,no_keywords_found,
10.1080/10503300600856160,psychotherapy_research,Psychotherapy Research,Psychotherapy Research,taylor_francis,https://www.tandfonline.com/doi/abs/10.1080/10503300600856160,10.1080/10503300600856160,2007,2007-7,17,4,474-481,The Inventory of Interpersonal Problems (IIP): Sensitivity to change,Dorothea Huber; Gerhard Henrich; Guenther Klug,journal-article,,,0,no_keywords_found,
10.1080/10503300601158822,psychotherapy_research,Psychotherapy Research,Psychotherapy Research,taylor_francis,https://www.tandfonline.com/doi/full/10.1080/10503300601158822,10.1080/10503300601158822,2007,2007-9,17,5,544-552,Cognitive–behavioral group treatment for pathological gambling: analysis of effectiveness and predictors of therapy outcome,Susana Jiménez-Murcia; Eva M. Álvarez-Moya; Roser Granero; M. Neus Aymami; Monica Gómez-Peña; Nuria Jaurrieta; Bibiana Sans; Jaume Rodriguez-Marti; Julio Vallejo,journal-article,,,0,no_keywords_found,
10.1080/10503300601139988,psychotherapy_research,Psychotherapy Research,Psychotherapy Research,taylor_francis,https://www.tandfonline.com/doi/full/10.1080/10503300601139988,10.1080/10503300601139988,2007,2007-9,17,5,553-566,Patients’ experiences of change in cognitive–behavioral therapy and psychodynamic therapy: a qualitative comparative study,Thomas Nilsson; Martin Svensson; Rolf Sandell; David Clinton,journal-article,,,0,no_keywords_found,
10.1080/10503300601065514,psychotherapy_research,Psychotherapy Research,Psychotherapy Research,taylor_francis,https://www.tandfonline.com/doi/abs/10.1080/10503300601065514,10.1080/10503300601065514,2007,2007-9,17,5,622-627,Participant critical events: a method for identifying and isolating significant therapeutic incidents,Marilyn R. Fitzpatrick; Martha Chamodraka,journal-article,,,0,no_keywords_found,
10.1080/10503300701216280,psychotherapy_research,Psychotherapy Research,Psychotherapy Research,taylor_francis,https://www.tandfonline.com/doi/abs/10.1080/10503300701216280,10.1080/10503300701216280,2007,2007-9,17,5,600-612,Comparing decision counseling to strategic counseling for individuals with personal dilemmas,Rina Omer; Reuven Dar,journal-article,,,0,no_keywords_found,
10.1080/10503300701216272,psychotherapy_research,Psychotherapy Research,Psychotherapy Research,taylor_francis,https://www.tandfonline.com/doi/abs/10.1080/10503300701216272,10.1080/10503300701216272,2007,2007-9,17,5,535-543,The importance of the theoretical framework in the formulation of clinical inferences in psychotherapy,Andres Jorge Roussos; Lucila Boffi Lissin; Adela Leibovich de Duarte,journal-article,,,0,no_keywords_found,
10.1080/10503300601140002,psychotherapy_research,Psychotherapy Research,Psychotherapy Research,taylor_francis,https://www.tandfonline.com/doi/abs/10.1080/10503300601140002,10.1080/10503300601140002,2007,2007-9,17,5,576-587,Therapeutic collaboration: How does it work?,Georgia Lepper; Erhard Mergenthaler,journal-article,,,0,no_keywords_found,
10.1080/10503300701250339,psychotherapy_research,Psychotherapy Research,Psychotherapy Research,taylor_francis,https://www.tandfonline.com/doi/abs/10.1080/10503300701250339,10.1080/10503300701250339,2007,2007-9,17,5,509-514,The consequences of “anchoring” in longitudinal multilevel models: bias in the estimation of patient variability and therapist effects,Bruce E. Wampold; Daniel M. Bolt,journal-article,,,0,no_keywords_found,
10.1080/10503300601139996,psychotherapy_research,Psychotherapy Research,Psychotherapy Research,taylor_francis,https://www.tandfonline.com/doi/abs/10.1080/10503300601139996,10.1080/10503300601139996,2007,2007-9,17,5,567-575,Process and outcome of therapy in ethnically similar and dissimilar therapeutic dyads,Farkhondeh Farsimadan; Riccardo Draghi-Lorenz; Jason Ellis,journal-article,,,0,no_keywords_found,
10.1080/10503300701227550,psychotherapy_research,Psychotherapy Research,Psychotherapy Research,taylor_francis,https://www.tandfonline.com/doi/abs/10.1080/10503300701227550,10.1080/10503300701227550,2007,2007-9,17,5,588-599,The process of long-term art therapy: a case study combining artwork and clinical outcome,Helen Greenwood; Chris Leach; Mike Lucock; Rachael Noble,journal-article,,,0,no_keywords_found,
10.1080/10503300701216298,psychotherapy_research,Psychotherapy Research,Psychotherapy Research,taylor_francis,https://www.tandfonline.com/doi/abs/10.1080/10503300701216298,10.1080/10503300701216298,2007,2007-9,17,5,613-621,Therapist and client processes affecting assimilation and outcome in brief psychotherapy,Angharad Rudkin; Susan Llewelyn; Gillian Hardy; William B. Stiles; Michael Barkham,journal-article,,,0,no_keywords_found,
10.1080/10503300701320629,psychotherapy_research,Psychotherapy Research,Psychotherapy Research,taylor_francis,https://www.tandfonline.com/doi/abs/10.1080/10503300701320629,10.1080/10503300701320629,2007,2007-9,17,5,522-534,Changes in the mental representations of relational behavior in depressive patients,Sarah Gross; Michael Stasch; Helmut Schmal; Erwin Hillenbrand; Manfred Cierpka,journal-article,,,0,no_keywords_found,
10.1080/10503300601063246,psychotherapy_research,Psychotherapy Research,Psychotherapy Research,taylor_francis,https://www.tandfonline.com/doi/abs/10.1080/10503300601063246,10.1080/10503300601063246,2007,2007-9,17,5,515-521,"Psychotherapy provision, socioeconomic deprivation, and the inverse care law",David Saxon; Gearoid Fitzgerald; Simon Houghton; Francesca Lemme; Carol Saul; Sharon Warden; Tom Ricketts,journal-article,,,0,no_keywords_found,
10.1080/10503300701250347,psychotherapy_research,Psychotherapy Research,Psychotherapy Research,taylor_francis,https://www.tandfonline.com/doi/full/10.1080/10503300701250347,10.1080/10503300701250347,2007,2007-11-1,17,6,643-655,Outcomes of religious and spiritual adaptations to psychotherapy: A meta-analytic review,Timothy B. Smith; Jeremy Bartz; P. Scott Richards,journal-article,,,0,no_keywords_found,
10.1080/10503300701275310,psychotherapy_research,Psychotherapy Research,Psychotherapy Research,taylor_francis,https://www.tandfonline.com/doi/full/10.1080/10503300701275310,10.1080/10503300701275310,2007,2007-11-1,17,6,690-705,An individual differences perspective on change in psychotherapy: The case of health care utilization,A. Lazar; R. Sandell; J. Grant,journal-article,,,0,no_keywords_found,
10.1080/10503300701667433,psychotherapy_research,Psychotherapy Research,Psychotherapy Research,taylor_francis,https://www.tandfonline.com/doi/full/10.1080/10503300701667433,10.1080/10503300701667433,2007,2007-11-1,17,6,737-737,"The relationship among emotional productivity, emotional arousal and outcome in experiential therapy of depression",L. S. Greenberg; L. Auszra; I. R. Herrmann,journal-article,,,0,no_keywords_found,
10.1080/10503300601158814,psychotherapy_research,Psychotherapy Research,Psychotherapy Research,taylor_francis,https://www.tandfonline.com/doi/full/10.1080/10503300601158814,10.1080/10503300601158814,2007,2007-11-1,17,6,673-689,The evolution of therapeutic change studied through generic change indicators,Mariane Krause; Guillermo de la Parra; Roberto Arístegui; Paula Dagnino; Alemka Tomicic; Nelson Valdés; Orietta Echávarri; Katherine Strasser; Lucía Reyes; Carolina Altimir; Ivonne Ramírez; Oriana Vilches; Perla Ben-Dov,journal-article,,,0,no_keywords_found,
10.1080/10503300701320611,psychotherapy_research,Psychotherapy Research,Psychotherapy Research,taylor_francis,https://www.tandfonline.com/doi/full/10.1080/10503300701320611,10.1080/10503300701320611,2007,2007-11-1,17,6,629-642,A meta-analytic examination of client–therapist perspectives of the working alliance,Georgiana Shick Tryon; Sasha Collins Blackwell; Elizabeth Felleman Hammel,journal-article,,,0,no_keywords_found,
10.1080/10503300701255932,psychotherapy_research,Psychotherapy Research,Psychotherapy Research,taylor_francis,https://www.tandfonline.com/doi/full/10.1080/10503300701255932,10.1080/10503300701255932,2007,2007-11-1,17,6,713-720,The recovery of metacognitive capacity in schizophrenia across 32 months of individual psychotherapy: A case study,Paul H. Lysaker; Kelly D. Buck; Jamie Ringer,journal-article,,,0,no_keywords_found,
10.1080/10503300701381308,psychotherapy_research,Psychotherapy Research,Psychotherapy Research,taylor_francis,https://www.tandfonline.com/doi/full/10.1080/10503300701381308,10.1080/10503300701381308,2007,2007-11-1,17,6,733-736,Book Reviews,,journal-article,,,0,no_keywords_found,
10.1080/10503300701320637,psychotherapy_research,Psychotherapy Research,Psychotherapy Research,taylor_francis,https://www.tandfonline.com/doi/full/10.1080/10503300701320637,10.1080/10503300701320637,2007,2007-11-1,17,6,706-712,Predicting nonmutual therapy termination with the personality assessment inventory,Christopher Hopwood; Suman Ambwani; Leslie Morey,journal-article,,,0,no_keywords_found,
10.1080/10503300701235322,psychotherapy_research,Psychotherapy Research,Psychotherapy Research,taylor_francis,https://www.tandfonline.com/doi/full/10.1080/10503300701235322,10.1080/10503300701235322,2007,2007-11-1,17,6,656-672,The development of a brief distress measure for the evaluation of psychotherapy and counseling (sPaCE),Jeremy E. Halstead; Chris Leach; Jonathan Rust,journal-article,,,0,no_keywords_found,
10.1080/10503300701303369,psychotherapy_research,Psychotherapy Research,Psychotherapy Research,taylor_francis,https://www.tandfonline.com/doi/full/10.1080/10503300701303369,10.1080/10503300701303369,2007,2007-11-1,17,6,721-732,Motivational Areas Rating Scale: Developing a New Tool for Studying Psychotherapy Process and Outcome,Diego Sarracino; Nino Dazzi,journal-article,,,0,no_keywords_found,
10.1080/10503300701320652,psychotherapy_research,Psychotherapy Research,Psychotherapy Research,taylor_francis,https://www.tandfonline.com/doi/full/10.1080/10503300701320652,10.1080/10503300701320652,2008,2008-1,18,1,37-47,"Comparison study of full and subthreshold bulimia nervosa: Personality, clinical characteristics, and short-term response to therapy",Isabel Krug; Carolina Casasnovas; Roser Granero; Cristina Martinez; Susana Jiménez-Murcia; Cynthia Bulik; Fernando Fernández-Aranda,journal-article,,,0,no_keywords_found,
10.1080/10503300701725090,psychotherapy_research,Psychotherapy Research,Psychotherapy Research,taylor_francis,https://www.tandfonline.com/doi/abs/10.1080/10503300701725090,10.1080/10503300701725090,2008,2008-1,18,1,1-4,Child and adolescent psychotherapy research: Introduction to the special section,Robert L. Russell,journal-article,,,0,no_keywords_found,
10.1080/10503300701697513,psychotherapy_research,Psychotherapy Research,Psychotherapy Research,taylor_francis,https://www.tandfonline.com/doi/abs/10.1080/10503300701697513,10.1080/10503300701697513,2008,2008-1,18,1,15-27,First-session pathways to the working alliance in cognitive–behavioral therapy for adolescent depression,Robert Russell; Stephen Shirk; Nathaniel Jungbluth,journal-article,,,0,no_keywords_found,
10.1080/10503300701472131,psychotherapy_research,Psychotherapy Research,Psychotherapy Research,taylor_francis,https://www.tandfonline.com/doi/full/10.1080/10503300701472131,10.1080/10503300701472131,2008,2008-1,18,1,5-14,Direct comparisons of treatment modalities for youth disorders: a meta-analysis,Scott Miller; Bruce Wampold; Katelyn Varhely,journal-article,,,0,no_keywords_found,
10.1080/10503300701320645,psychotherapy_research,Psychotherapy Research,Psychotherapy Research,taylor_francis,https://www.tandfonline.com/doi/abs/10.1080/10503300701320645,10.1080/10503300701320645,2008,2008-1,18,1,28-36,Attachment disorganization and borderline patients’ metacognitive responses to therapists’ expressed understanding of their states of mind: A pilot study,Elena Prunetti; Roberto Framba; Lavinia Barone; Donatella Fiore; Francesco Sera; Giovanni Liotti,journal-article,,,0,no_keywords_found,
10.1080/10503300701367992,psychotherapy_research,Psychotherapy Research,Psychotherapy Research,taylor_francis,https://www.tandfonline.com/doi/full/10.1080/10503300701367992,10.1080/10503300701367992,2008,2008-1,18,1,77-87,Responding mindfully to distressing psychosis: A grounded theory analysis,Nicola Abba; Paul Chadwick; Chris Stevenson,journal-article,,,0,no_keywords_found,
10.1080/10503300701324654,psychotherapy_research,Psychotherapy Research,Psychotherapy Research,taylor_francis,https://www.tandfonline.com/doi/abs/10.1080/10503300701324654,10.1080/10503300701324654,2008,2008-1,18,1,58-76,A qualitative and quantitative study of psychotherapists’ congruence in Singapore,Shyh Shin Wong; Vivienne Ng,journal-article,,,0,no_keywords_found,
10.1080/10503300701324183,psychotherapy_research,Psychotherapy Research,Psychotherapy Research,taylor_francis,https://www.tandfonline.com/doi/abs/10.1080/10503300701324183,10.1080/10503300701324183,2008,2008-1,18,1,48-57,What's on the therapist's mind? A grounded theory analysis of family therapist reflections during individual therapy sessions,Peter Rober; Robert Elliott; Ann Buysse; Gerrit Loots; Kim De Corte,journal-article,,,0,no_keywords_found,
10.1080/10503300701408325,psychotherapy_research,Psychotherapy Research,Psychotherapy Research,taylor_francis,https://www.tandfonline.com/doi/abs/10.1080/10503300701408325,10.1080/10503300701408325,2008,2008-1,18,1,97-107,"Generating nonnegative attitudes among parents of depressed adolescents: The power of empathy, concern, and positive regard",Galia Moran; Gary Diamond,journal-article,,,0,no_keywords_found,
10.1080/10503300701368008,psychotherapy_research,Psychotherapy Research,Psychotherapy Research,taylor_francis,https://www.tandfonline.com/doi/abs/10.1080/10503300701368008,10.1080/10503300701368008,2008,2008-1,18,1,88-96,New prospects for process research in group therapy: Text-based process variables in psychotherapeutic Internet chat groups,Severin Haug; Bernhard Strauss; Christine Gallas; Hans Kordy,journal-article,,,0,no_keywords_found,
10.1080/10503300701765849,psychotherapy_research,Psychotherapy Research,Psychotherapy Research,taylor_francis,https://www.tandfonline.com/doi/full/10.1080/10503300701765849,10.1080/10503300701765849,2008,2008-3,18,2,147-159,Avoidance motivation in psychological problems and psychotherapy,Martin Grosse Holtforth,journal-article,,,0,no_keywords_found,
10.1080/10503300701255924,psychotherapy_research,Psychotherapy Research,Psychotherapy Research,taylor_francis,https://www.tandfonline.com/doi/full/10.1080/10503300701255924,10.1080/10503300701255924,2008,2008-3,18,2,160-166,Relationship of differentiation of self to adult clients’ perceptions of the alliance in brief family therapy,Jessica E. Lambert; Myrna Friedlander,journal-article,,,0,no_keywords_found,
10.1080/10503300701376365,psychotherapy_research,Psychotherapy Research,Psychotherapy Research,taylor_francis,https://www.tandfonline.com/doi/full/10.1080/10503300701376365,10.1080/10503300701376365,2008,2008-3,18,2,179-190,The Bielefeld Attachment Questionnaires: Overview and Empirical Results of an Alternative Approach to Assess Attachment,Eva Pollak; Silke Wiegand-Grefe; Diether Höger,journal-article,,,0,no_keywords_found,
10.1080/10503300701442027,psychotherapy_research,Psychotherapy Research,Psychotherapy Research,taylor_francis,https://www.tandfonline.com/doi/full/10.1080/10503300701442027,10.1080/10503300701442027,2008,2008-3,18,2,225-236,Characteristics of effective psychological treatments of depression: a metaregression analysis,Pim Cuijpers; Annemieke Van Straten; Lisanne Warmerdam; Niels Smits,journal-article,,,0,no_keywords_found,
10.1080/10503300701367984,psychotherapy_research,Psychotherapy Research,Psychotherapy Research,taylor_francis,https://www.tandfonline.com/doi/full/10.1080/10503300701367984,10.1080/10503300701367984,2008,2008-3,18,2,167-178,Helping alliance and outcome in psychotherapy: What predicts what in routine outpatient treatment?,Bernd Puschner; Markus Wolf; Susanne Kraft,journal-article,,,0,no_keywords_found,
10.1080/10503300701432242,psychotherapy_research,Psychotherapy Research,Psychotherapy Research,taylor_francis,https://www.tandfonline.com/doi/full/10.1080/10503300701432242,10.1080/10503300701432242,2008,2008-3,18,2,200-215,Case studies of the attainment of insight in dream sessions: replication and extension,Sarah Knox; Clara E. Hill; Shirley A. Hess; Rachel E. Crook-Lyon,journal-article,,,0,no_keywords_found,
10.1080/10503300701429958,psychotherapy_research,Psychotherapy Research,Psychotherapy Research,taylor_francis,https://www.tandfonline.com/doi/full/10.1080/10503300701429958,10.1080/10503300701429958,2008,2008-3,18,2,191-199,Pretreatment clinical and psychosocial predictors of remission from depression after short-term psychodynamic psychotherapy and solution-focused therapy: a 1-year follow-up study,Mauri Marttunen; Maarit Välikoski; Olavi Lindfors; Maarit A. Laaksonen; Paul Knekt,journal-article,,,0,no_keywords_found,
10.1080/10503300701691656,psychotherapy_research,Psychotherapy Research,Psychotherapy Research,taylor_francis,https://www.tandfonline.com/doi/full/10.1080/10503300701691656,10.1080/10503300701691656,2008,2008-3,18,2,139-146,A psychotherapy researcher's perspective on therapist self-awareness and self-focused attention after a decade of research,Elizabeth Nutt Williams,journal-article,,,0,no_keywords_found,
