journal_id,journal_label,pep_code_candidate,probe_year,document_id,pep_code_record,year_record,title,authors,source_title,volume,issue,pages,doi,article_type,keyword_order,keyword_raw,keyword_source,art_kwds_count,source_file
ijpa,International Journal of Psychoanalysis,IJP,2020,IJP.101.0549A,IJP,2020,“Bringing the plague”: Groundwork for a transformative outreach of psychoanalysis,Luca Nicoli and  Stefano Tugnoli,International Journal of Psychoanalysis ,101,3,549-571,10.1080/00207578.2020.1726709,ART,1,Outreach,documentInfoXML/artkwds,1,data\raw_pep_metadata\ijpa\2020\ijpa_IJP_2020_art_id_IJP._AND_year_2020.json
ijpa,International Journal of Psychoanalysis,IJP,2020,IJP.101.0549A,IJP,2020,“Bringing the plague”: Groundwork for a transformative outreach of psychoanalysis,Luca Nicoli and  Stefano Tugnoli,International Journal of Psychoanalysis ,101,3,549-571,10.1080/00207578.2020.1726709,ART,2,transformation,documentInfoXML/artkwds,1,data\raw_pep_metadata\ijpa\2020\ijpa_IJP_2020_art_id_IJP._AND_year_2020.json
ijpa,International Journal of Psychoanalysis,IJP,2020,IJP.101.0549A,IJP,2020,“Bringing the plague”: Groundwork for a transformative outreach of psychoanalysis,Luca Nicoli and  Stefano Tugnoli,International Journal of Psychoanalysis ,101,3,549-571,10.1080/00207578.2020.1726709,ART,3,public speaking,documentInfoXML/artkwds,1,data\raw_pep_metadata\ijpa\2020\ijpa_IJP_2020_art_id_IJP._AND_year_2020.json
ijpa,International Journal of Psychoanalysis,IJP,2020,IJP.101.0549A,IJP,2020,“Bringing the plague”: Groundwork for a transformative outreach of psychoanalysis,Luca Nicoli and  Stefano Tugnoli,International Journal of Psychoanalysis ,101,3,549-571,10.1080/00207578.2020.1726709,ART,4,fiction,documentInfoXML/artkwds,1,data\raw_pep_metadata\ijpa\2020\ijpa_IJP_2020_art_id_IJP._AND_year_2020.json
ijpa,International Journal of Psychoanalysis,IJP,2020,IJP.101.0479A,IJP,2020,Driven to re-member: André Green’s use of the negative in the work of Berlinde de Bruyckere,Lesley Marks,International Journal of Psychoanalysis ,101,3,479-495,10.1080/00207578.2019.1683848,ART,1,art,documentInfoXML/artkwds,1,data\raw_pep_metadata\ijpa\2020\ijpa_IJP_2020_art_id_IJP._AND_year_2020.json
ijpa,International Journal of Psychoanalysis,IJP,2020,IJP.101.0479A,IJP,2020,Driven to re-member: André Green’s use of the negative in the work of Berlinde de Bruyckere,Lesley Marks,International Journal of Psychoanalysis ,101,3,479-495,10.1080/00207578.2019.1683848,ART,2,applied psychoanalysis,documentInfoXML/artkwds,1,data\raw_pep_metadata\ijpa\2020\ijpa_IJP_2020_art_id_IJP._AND_year_2020.json
ijpa,International Journal of Psychoanalysis,IJP,2020,IJP.101.0479A,IJP,2020,Driven to re-member: André Green’s use of the negative in the work of Berlinde de Bruyckere,Lesley Marks,International Journal of Psychoanalysis ,101,3,479-495,10.1080/00207578.2019.1683848,ART,3,French psychoanalysis,documentInfoXML/artkwds,1,data\raw_pep_metadata\ijpa\2020\ijpa_IJP_2020_art_id_IJP._AND_year_2020.json
ijpa,International Journal of Psychoanalysis,IJP,2020,IJP.101.0479A,IJP,2020,Driven to re-member: André Green’s use of the negative in the work of Berlinde de Bruyckere,Lesley Marks,International Journal of Psychoanalysis ,101,3,479-495,10.1080/00207578.2019.1683848,ART,4,body,documentInfoXML/artkwds,1,data\raw_pep_metadata\ijpa\2020\ijpa_IJP_2020_art_id_IJP._AND_year_2020.json
ijpa,International Journal of Psychoanalysis,IJP,2020,IJP.101.0479A,IJP,2020,Driven to re-member: André Green’s use of the negative in the work of Berlinde de Bruyckere,Lesley Marks,International Journal of Psychoanalysis ,101,3,479-495,10.1080/00207578.2019.1683848,ART,5,psychic pain,documentInfoXML/artkwds,1,data\raw_pep_metadata\ijpa\2020\ijpa_IJP_2020_art_id_IJP._AND_year_2020.json
ijpa,International Journal of Psychoanalysis,IJP,2020,IJP.101.0685A,IJP,2020,"Multitemporal materialism. History and unconscious memory, between Freud and Benjamin",Leandro Drivet,International Journal of Psychoanalysis ,101,4,685-705,10.1080/00207578.2020.1772074,ART,1,Materialism,documentInfoXML/artkwds,1,data\raw_pep_metadata\ijpa\2020\ijpa_IJP_2020_art_id_IJP._AND_year_2020.json
ijpa,International Journal of Psychoanalysis,IJP,2020,IJP.101.0685A,IJP,2020,"Multitemporal materialism. History and unconscious memory, between Freud and Benjamin",Leandro Drivet,International Journal of Psychoanalysis ,101,4,685-705,10.1080/00207578.2020.1772074,ART,2,temporality,documentInfoXML/artkwds,1,data\raw_pep_metadata\ijpa\2020\ijpa_IJP_2020_art_id_IJP._AND_year_2020.json
ijpa,International Journal of Psychoanalysis,IJP,2020,IJP.101.0685A,IJP,2020,"Multitemporal materialism. History and unconscious memory, between Freud and Benjamin",Leandro Drivet,International Journal of Psychoanalysis ,101,4,685-705,10.1080/00207578.2020.1772074,ART,3,psychoanalisys,documentInfoXML/artkwds,1,data\raw_pep_metadata\ijpa\2020\ijpa_IJP_2020_art_id_IJP._AND_year_2020.json
ijpa,International Journal of Psychoanalysis,IJP,2020,IJP.101.1148A,IJP,2020,Genocides and processes of subjectivation: Auschwitz as a paradigm of destructiveness towards the I–Other link,Anna Ferruta,International Journal of Psychoanalysis ,101,6,1148-1161,10.1080/00207578.2020.1827953,ART,1,Genocide,documentInfoXML/artkwds,1,data\raw_pep_metadata\ijpa\2020\ijpa_IJP_2020_art_id_IJP._AND_year_2020.json
ijpa,International Journal of Psychoanalysis,IJP,2020,IJP.101.1148A,IJP,2020,Genocides and processes of subjectivation: Auschwitz as a paradigm of destructiveness towards the I–Other link,Anna Ferruta,International Journal of Psychoanalysis ,101,6,1148-1161,10.1080/00207578.2020.1827953,ART,2,collective trauma,documentInfoXML/artkwds,1,data\raw_pep_metadata\ijpa\2020\ijpa_IJP_2020_art_id_IJP._AND_year_2020.json
ijpa,International Journal of Psychoanalysis,IJP,2020,IJP.101.1148A,IJP,2020,Genocides and processes of subjectivation: Auschwitz as a paradigm of destructiveness towards the I–Other link,Anna Ferruta,International Journal of Psychoanalysis ,101,6,1148-1161,10.1080/00207578.2020.1827953,ART,3,Nazism,documentInfoXML/artkwds,1,data\raw_pep_metadata\ijpa\2020\ijpa_IJP_2020_art_id_IJP._AND_year_2020.json
ijpa,International Journal of Psychoanalysis,IJP,2020,IJP.101.1148A,IJP,2020,Genocides and processes of subjectivation: Auschwitz as a paradigm of destructiveness towards the I–Other link,Anna Ferruta,International Journal of Psychoanalysis ,101,6,1148-1161,10.1080/00207578.2020.1827953,ART,4,great differences,documentInfoXML/artkwds,1,data\raw_pep_metadata\ijpa\2020\ijpa_IJP_2020_art_id_IJP._AND_year_2020.json
ijpa,International Journal of Psychoanalysis,IJP,2020,IJP.101.1148A,IJP,2020,Genocides and processes of subjectivation: Auschwitz as a paradigm of destructiveness towards the I–Other link,Anna Ferruta,International Journal of Psychoanalysis ,101,6,1148-1161,10.1080/00207578.2020.1827953,ART,5,narcissism,documentInfoXML/artkwds,1,data\raw_pep_metadata\ijpa\2020\ijpa_IJP_2020_art_id_IJP._AND_year_2020.json
ijpa,International Journal of Psychoanalysis,IJP,2020,IJP.101.1148A,IJP,2020,Genocides and processes of subjectivation: Auschwitz as a paradigm of destructiveness towards the I–Other link,Anna Ferruta,International Journal of Psychoanalysis ,101,6,1148-1161,10.1080/00207578.2020.1827953,ART,6,subjectivation,documentInfoXML/artkwds,1,data\raw_pep_metadata\ijpa\2020\ijpa_IJP_2020_art_id_IJP._AND_year_2020.json
ijpa,International Journal of Psychoanalysis,IJP,2020,IJP.101.1148A,IJP,2020,Genocides and processes of subjectivation: Auschwitz as a paradigm of destructiveness towards the I–Other link,Anna Ferruta,International Journal of Psychoanalysis ,101,6,1148-1161,10.1080/00207578.2020.1827953,ART,7,metapsychic guarantors,documentInfoXML/artkwds,1,data\raw_pep_metadata\ijpa\2020\ijpa_IJP_2020_art_id_IJP._AND_year_2020.json
ijpa,International Journal of Psychoanalysis,IJP,2020,IJP.101.1085A,IJP,2020,Gamma elements as protomental representations: Suggestions for expanding W. R. Bion’s theory of elements,Lutz Goetzmann,International Journal of Psychoanalysis,101,6,1085-1105,10.1080/00207578.2020.1822145,ART,1,Bion,documentInfoXML/artkwds,1,data\raw_pep_metadata\ijpa\2020\ijpa_IJP_2020_art_id_IJP._AND_year_2020.json
ijpa,International Journal of Psychoanalysis,IJP,2020,IJP.101.1085A,IJP,2020,Gamma elements as protomental representations: Suggestions for expanding W. R. Bion’s theory of elements,Lutz Goetzmann,International Journal of Psychoanalysis,101,6,1085-1105,10.1080/00207578.2020.1822145,ART,2,alpha elements,documentInfoXML/artkwds,1,data\raw_pep_metadata\ijpa\2020\ijpa_IJP_2020_art_id_IJP._AND_year_2020.json
ijpa,International Journal of Psychoanalysis,IJP,2020,IJP.101.1085A,IJP,2020,Gamma elements as protomental representations: Suggestions for expanding W. R. Bion’s theory of elements,Lutz Goetzmann,International Journal of Psychoanalysis,101,6,1085-1105,10.1080/00207578.2020.1822145,ART,3,beta element,documentInfoXML/artkwds,1,data\raw_pep_metadata\ijpa\2020\ijpa_IJP_2020_art_id_IJP._AND_year_2020.json
ijpa,International Journal of Psychoanalysis,IJP,2020,IJP.101.1085A,IJP,2020,Gamma elements as protomental representations: Suggestions for expanding W. R. Bion’s theory of elements,Lutz Goetzmann,International Journal of Psychoanalysis,101,6,1085-1105,10.1080/00207578.2020.1822145,ART,4,gamma elements,documentInfoXML/artkwds,1,data\raw_pep_metadata\ijpa\2020\ijpa_IJP_2020_art_id_IJP._AND_year_2020.json
ijpa,International Journal of Psychoanalysis,IJP,2020,IJP.101.1085A,IJP,2020,Gamma elements as protomental representations: Suggestions for expanding W. R. Bion’s theory of elements,Lutz Goetzmann,International Journal of Psychoanalysis,101,6,1085-1105,10.1080/00207578.2020.1822145,ART,5,theory of transformation,documentInfoXML/artkwds,1,data\raw_pep_metadata\ijpa\2020\ijpa_IJP_2020_art_id_IJP._AND_year_2020.json
ijpa,International Journal of Psychoanalysis,IJP,2020,IJP.101.1085A,IJP,2020,Gamma elements as protomental representations: Suggestions for expanding W. R. Bion’s theory of elements,Lutz Goetzmann,International Journal of Psychoanalysis,101,6,1085-1105,10.1080/00207578.2020.1822145,ART,6,maternal semiotics,documentInfoXML/artkwds,1,data\raw_pep_metadata\ijpa\2020\ijpa_IJP_2020_art_id_IJP._AND_year_2020.json
ijpa,International Journal of Psychoanalysis,IJP,2020,IJP.101.1085A,IJP,2020,Gamma elements as protomental representations: Suggestions for expanding W. R. Bion’s theory of elements,Lutz Goetzmann,International Journal of Psychoanalysis,101,6,1085-1105,10.1080/00207578.2020.1822145,ART,7,pre-narrative envelopes,documentInfoXML/artkwds,1,data\raw_pep_metadata\ijpa\2020\ijpa_IJP_2020_art_id_IJP._AND_year_2020.json
ijpa,International Journal of Psychoanalysis,IJP,2020,IJP.101.0456A,IJP,2020,Reading Winnicott: return to the concept of regression to dependence,Luca Quagelli,International Journal of Psychoanalysis ,101,3,456-478,10.1080/00207578.2020.1754836,ART,1,Child psychotherapy,documentInfoXML/artkwds,1,data\raw_pep_metadata\ijpa\2020\ijpa_IJP_2020_art_id_IJP._AND_year_2020.json
ijpa,International Journal of Psychoanalysis,IJP,2020,IJP.101.0456A,IJP,2020,Reading Winnicott: return to the concept of regression to dependence,Luca Quagelli,International Journal of Psychoanalysis ,101,3,456-478,10.1080/00207578.2020.1754836,ART,2,psychic temporality,documentInfoXML/artkwds,1,data\raw_pep_metadata\ijpa\2020\ijpa_IJP_2020_art_id_IJP._AND_year_2020.json
ijpa,International Journal of Psychoanalysis,IJP,2020,IJP.101.0456A,IJP,2020,Reading Winnicott: return to the concept of regression to dependence,Luca Quagelli,International Journal of Psychoanalysis ,101,3,456-478,10.1080/00207578.2020.1754836,ART,3,passivity,documentInfoXML/artkwds,1,data\raw_pep_metadata\ijpa\2020\ijpa_IJP_2020_art_id_IJP._AND_year_2020.json
ijpa,International Journal of Psychoanalysis,IJP,2020,IJP.101.0456A,IJP,2020,Reading Winnicott: return to the concept of regression to dependence,Luca Quagelli,International Journal of Psychoanalysis ,101,3,456-478,10.1080/00207578.2020.1754836,ART,4,bodily contact,documentInfoXML/artkwds,1,data\raw_pep_metadata\ijpa\2020\ijpa_IJP_2020_art_id_IJP._AND_year_2020.json
ijpa,International Journal of Psychoanalysis,IJP,2020,IJP.101.0456A,IJP,2020,Reading Winnicott: return to the concept of regression to dependence,Luca Quagelli,International Journal of Psychoanalysis ,101,3,456-478,10.1080/00207578.2020.1754836,ART,5,counter-transference,documentInfoXML/artkwds,1,data\raw_pep_metadata\ijpa\2020\ijpa_IJP_2020_art_id_IJP._AND_year_2020.json
ijpa,International Journal of Psychoanalysis,IJP,2020,IJP.101.0288A,IJP,2020,"Necessary violence, necessary pleasure: The common ground of literature and psychoanalysis",Rachel Chaplin,International Journal of Psychoanalysis ,101,2,288-299,10.1080/00207578.2019.1698299,ART,1,literature,documentInfoXML/artkwds,1,data\raw_pep_metadata\ijpa\2020\ijpa_IJP_2020_art_id_IJP._AND_year_2020.json
ijpa,International Journal of Psychoanalysis,IJP,2020,IJP.101.0288A,IJP,2020,"Necessary violence, necessary pleasure: The common ground of literature and psychoanalysis",Rachel Chaplin,International Journal of Psychoanalysis ,101,2,288-299,10.1080/00207578.2019.1698299,ART,2,representation,documentInfoXML/artkwds,1,data\raw_pep_metadata\ijpa\2020\ijpa_IJP_2020_art_id_IJP._AND_year_2020.json
ijpa,International Journal of Psychoanalysis,IJP,2020,IJP.101.0288A,IJP,2020,"Necessary violence, necessary pleasure: The common ground of literature and psychoanalysis",Rachel Chaplin,International Journal of Psychoanalysis ,101,2,288-299,10.1080/00207578.2019.1698299,ART,3,pictogram,documentInfoXML/artkwds,1,data\raw_pep_metadata\ijpa\2020\ijpa_IJP_2020_art_id_IJP._AND_year_2020.json
ijpa,International Journal of Psychoanalysis,IJP,2020,IJP.101.0084A,IJP,2020,"The inner world of Beethoven’s ninth symphony: Masculine
                        and feminine?",Francis Grier,International Journal of Psychoanalysis ,101,1,84-109,10.1080/00207578.2019.1696655,ART,1,Femininity,documentInfoXML/artkwds,1,data\raw_pep_metadata\ijpa\2020\ijpa_IJP_2020_art_id_IJP._AND_year_2020.json
ijpa,International Journal of Psychoanalysis,IJP,2020,IJP.101.0084A,IJP,2020,"The inner world of Beethoven’s ninth symphony: Masculine
                        and feminine?",Francis Grier,International Journal of Psychoanalysis ,101,1,84-109,10.1080/00207578.2019.1696655,ART,2,gender,documentInfoXML/artkwds,1,data\raw_pep_metadata\ijpa\2020\ijpa_IJP_2020_art_id_IJP._AND_year_2020.json
ijpa,International Journal of Psychoanalysis,IJP,2020,IJP.101.0084A,IJP,2020,"The inner world of Beethoven’s ninth symphony: Masculine
                        and feminine?",Francis Grier,International Journal of Psychoanalysis ,101,1,84-109,10.1080/00207578.2019.1696655,ART,3,masculinity,documentInfoXML/artkwds,1,data\raw_pep_metadata\ijpa\2020\ijpa_IJP_2020_art_id_IJP._AND_year_2020.json
ijpa,International Journal of Psychoanalysis,IJP,2020,IJP.101.0084A,IJP,2020,"The inner world of Beethoven’s ninth symphony: Masculine
                        and feminine?",Francis Grier,International Journal of Psychoanalysis ,101,1,84-109,10.1080/00207578.2019.1696655,ART,4,countertransference,documentInfoXML/artkwds,1,data\raw_pep_metadata\ijpa\2020\ijpa_IJP_2020_art_id_IJP._AND_year_2020.json
ijpa,International Journal of Psychoanalysis,IJP,2020,IJP.101.0084A,IJP,2020,"The inner world of Beethoven’s ninth symphony: Masculine
                        and feminine?",Francis Grier,International Journal of Psychoanalysis ,101,1,84-109,10.1080/00207578.2019.1696655,ART,5,music,documentInfoXML/artkwds,1,data\raw_pep_metadata\ijpa\2020\ijpa_IJP_2020_art_id_IJP._AND_year_2020.json
ijpa,International Journal of Psychoanalysis,IJP,2020,IJP.101.0084A,IJP,2020,"The inner world of Beethoven’s ninth symphony: Masculine
                        and feminine?",Francis Grier,International Journal of Psychoanalysis ,101,1,84-109,10.1080/00207578.2019.1696655,ART,6,sexuality,documentInfoXML/artkwds,1,data\raw_pep_metadata\ijpa\2020\ijpa_IJP_2020_art_id_IJP._AND_year_2020.json
ijpa,International Journal of Psychoanalysis,IJP,2020,IJP.101.0084A,IJP,2020,"The inner world of Beethoven’s ninth symphony: Masculine
                        and feminine?",Francis Grier,International Journal of Psychoanalysis ,101,1,84-109,10.1080/00207578.2019.1696655,ART,7,unconscious,documentInfoXML/artkwds,1,data\raw_pep_metadata\ijpa\2020\ijpa_IJP_2020_art_id_IJP._AND_year_2020.json
ijpa,International Journal of Psychoanalysis,IJP,2020,IJP.101.0084A,IJP,2020,"The inner world of Beethoven’s ninth symphony: Masculine
                        and feminine?",Francis Grier,International Journal of Psychoanalysis ,101,1,84-109,10.1080/00207578.2019.1696655,ART,8,violence,documentInfoXML/artkwds,1,data\raw_pep_metadata\ijpa\2020\ijpa_IJP_2020_art_id_IJP._AND_year_2020.json
ijpa,International Journal of Psychoanalysis,IJP,2020,IJP.101.0042A,IJP,2020,A psychoanalytic look at repetitive outbreaks of brief psychosis,"Juan Francisco Artaloytia,  Teresa Olmos de Paz and  Begoña Gómez-Moly",International Journal of Psychoanalysis ,101,1,42-63,10.1080/00207578.2019.1686388,ART,1,Psychosis,documentInfoXML/artkwds,1,data\raw_pep_metadata\ijpa\2020\ijpa_IJP_2020_art_id_IJP._AND_year_2020.json
ijpa,International Journal of Psychoanalysis,IJP,2020,IJP.101.0042A,IJP,2020,A psychoanalytic look at repetitive outbreaks of brief psychosis,"Juan Francisco Artaloytia,  Teresa Olmos de Paz and  Begoña Gómez-Moly",International Journal of Psychoanalysis ,101,1,42-63,10.1080/00207578.2019.1686388,ART,2,repetitive outbreaks,documentInfoXML/artkwds,1,data\raw_pep_metadata\ijpa\2020\ijpa_IJP_2020_art_id_IJP._AND_year_2020.json
ijpa,International Journal of Psychoanalysis,IJP,2020,IJP.101.0042A,IJP,2020,A psychoanalytic look at repetitive outbreaks of brief psychosis,"Juan Francisco Artaloytia,  Teresa Olmos de Paz and  Begoña Gómez-Moly",International Journal of Psychoanalysis ,101,1,42-63,10.1080/00207578.2019.1686388,ART,3,Freudian metapsychology,documentInfoXML/artkwds,1,data\raw_pep_metadata\ijpa\2020\ijpa_IJP_2020_art_id_IJP._AND_year_2020.json
ijpa,International Journal of Psychoanalysis,IJP,2020,IJP.101.0436A,IJP,2020,Psychic time as occasion for enactment,Sara Collins,International Journal of Psychoanalysis ,101,3,436-455,10.1080/00207578.2020.1742070,ART,1,Trauma,documentInfoXML/artkwds,1,data\raw_pep_metadata\ijpa\2020\ijpa_IJP_2020_art_id_IJP._AND_year_2020.json
ijpa,International Journal of Psychoanalysis,IJP,2020,IJP.101.0436A,IJP,2020,Psychic time as occasion for enactment,Sara Collins,International Journal of Psychoanalysis ,101,3,436-455,10.1080/00207578.2020.1742070,ART,2,time,documentInfoXML/artkwds,1,data\raw_pep_metadata\ijpa\2020\ijpa_IJP_2020_art_id_IJP._AND_year_2020.json
ijpa,International Journal of Psychoanalysis,IJP,2020,IJP.101.0436A,IJP,2020,Psychic time as occasion for enactment,Sara Collins,International Journal of Psychoanalysis ,101,3,436-455,10.1080/00207578.2020.1742070,ART,3,countertransference,documentInfoXML/artkwds,1,data\raw_pep_metadata\ijpa\2020\ijpa_IJP_2020_art_id_IJP._AND_year_2020.json
ijpa,International Journal of Psychoanalysis,IJP,2020,IJP.101.0436A,IJP,2020,Psychic time as occasion for enactment,Sara Collins,International Journal of Psychoanalysis ,101,3,436-455,10.1080/00207578.2020.1742070,ART,4,setting,documentInfoXML/artkwds,1,data\raw_pep_metadata\ijpa\2020\ijpa_IJP_2020_art_id_IJP._AND_year_2020.json
ijpa,International Journal of Psychoanalysis,IJP,2020,IJP.101.0436A,IJP,2020,Psychic time as occasion for enactment,Sara Collins,International Journal of Psychoanalysis ,101,3,436-455,10.1080/00207578.2020.1742070,ART,5,containment,documentInfoXML/artkwds,1,data\raw_pep_metadata\ijpa\2020\ijpa_IJP_2020_art_id_IJP._AND_year_2020.json
ijpa,International Journal of Psychoanalysis,IJP,2020,IJP.101.0436A,IJP,2020,Psychic time as occasion for enactment,Sara Collins,International Journal of Psychoanalysis ,101,3,436-455,10.1080/00207578.2020.1742070,ART,6,enactment,documentInfoXML/artkwds,1,data\raw_pep_metadata\ijpa\2020\ijpa_IJP_2020_art_id_IJP._AND_year_2020.json
ijpa,International Journal of Psychoanalysis,IJP,2020,IJP.101.0879A,IJP,2020,Boundaries and depths of the oneiric,Beatrice Ithier,International Journal of Psychoanalysis ,101,5,879-899,10.1080/00207578.2020.1796489,ART,1,Hallucination,documentInfoXML/artkwds,1,data\raw_pep_metadata\ijpa\2020\ijpa_IJP_2020_art_id_IJP._AND_year_2020.json
ijpa,International Journal of Psychoanalysis,IJP,2020,IJP.101.0879A,IJP,2020,Boundaries and depths of the oneiric,Beatrice Ithier,International Journal of Psychoanalysis ,101,5,879-899,10.1080/00207578.2020.1796489,ART,2,unison,documentInfoXML/artkwds,1,data\raw_pep_metadata\ijpa\2020\ijpa_IJP_2020_art_id_IJP._AND_year_2020.json
ijpa,International Journal of Psychoanalysis,IJP,2020,IJP.101.0879A,IJP,2020,Boundaries and depths of the oneiric,Beatrice Ithier,International Journal of Psychoanalysis ,101,5,879-899,10.1080/00207578.2020.1796489,ART,3,chimera,documentInfoXML/artkwds,1,data\raw_pep_metadata\ijpa\2020\ijpa_IJP_2020_art_id_IJP._AND_year_2020.json
ijpa,International Journal of Psychoanalysis,IJP,2020,IJP.101.0740A,IJP,2020,Conceptions of the superego in sociological and socio-psychological analyses,Vera King and  Gunzelin Schmid Noerr,International Journal of Psychoanalysis,101,4,740-756,10.1080/00207578.2020.1780734,ART,1,Superego,documentInfoXML/artkwds,1,data\raw_pep_metadata\ijpa\2020\ijpa_IJP_2020_art_id_IJP._AND_year_2020.json
ijpa,International Journal of Psychoanalysis,IJP,2020,IJP.101.0740A,IJP,2020,Conceptions of the superego in sociological and socio-psychological analyses,Vera King and  Gunzelin Schmid Noerr,International Journal of Psychoanalysis,101,4,740-756,10.1080/00207578.2020.1780734,ART,2,authoritarianism,documentInfoXML/artkwds,1,data\raw_pep_metadata\ijpa\2020\ijpa_IJP_2020_art_id_IJP._AND_year_2020.json
ijpa,International Journal of Psychoanalysis,IJP,2020,IJP.101.0740A,IJP,2020,Conceptions of the superego in sociological and socio-psychological analyses,Vera King and  Gunzelin Schmid Noerr,International Journal of Psychoanalysis,101,4,740-756,10.1080/00207578.2020.1780734,ART,3,externalization,documentInfoXML/artkwds,1,data\raw_pep_metadata\ijpa\2020\ijpa_IJP_2020_art_id_IJP._AND_year_2020.json
ijpa,International Journal of Psychoanalysis,IJP,2020,IJP.101.0923A,IJP,2020,Practices of joint meaning creation. Dreams in psychoanalytic discussion,Anssi Peräkylä and  Jörg Bergmann,International Journal of Psychoanalysis ,101,5,923-950,10.1080/00207578.2020.1775088,ART,1,Dream,documentInfoXML/artkwds,1,data\raw_pep_metadata\ijpa\2020\ijpa_IJP_2020_art_id_IJP._AND_year_2020.json
ijpa,International Journal of Psychoanalysis,IJP,2020,IJP.101.0923A,IJP,2020,Practices of joint meaning creation. Dreams in psychoanalytic discussion,Anssi Peräkylä and  Jörg Bergmann,International Journal of Psychoanalysis ,101,5,923-950,10.1080/00207578.2020.1775088,ART,2,meaning creation,documentInfoXML/artkwds,1,data\raw_pep_metadata\ijpa\2020\ijpa_IJP_2020_art_id_IJP._AND_year_2020.json
ijpa,International Journal of Psychoanalysis,IJP,2020,IJP.101.0923A,IJP,2020,Practices of joint meaning creation. Dreams in psychoanalytic discussion,Anssi Peräkylä and  Jörg Bergmann,International Journal of Psychoanalysis ,101,5,923-950,10.1080/00207578.2020.1775088,ART,3,conversation analysis,documentInfoXML/artkwds,1,data\raw_pep_metadata\ijpa\2020\ijpa_IJP_2020_art_id_IJP._AND_year_2020.json
ijpa,International Journal of Psychoanalysis,IJP,2020,IJP.101.0923A,IJP,2020,Practices of joint meaning creation. Dreams in psychoanalytic discussion,Anssi Peräkylä and  Jörg Bergmann,International Journal of Psychoanalysis ,101,5,923-950,10.1080/00207578.2020.1775088,ART,4,interaction,documentInfoXML/artkwds,1,data\raw_pep_metadata\ijpa\2020\ijpa_IJP_2020_art_id_IJP._AND_year_2020.json
ijpa,International Journal of Psychoanalysis,IJP,2020,IJP.101.0923A,IJP,2020,Practices of joint meaning creation. Dreams in psychoanalytic discussion,Anssi Peräkylä and  Jörg Bergmann,International Journal of Psychoanalysis ,101,5,923-950,10.1080/00207578.2020.1775088,ART,5,discourse,documentInfoXML/artkwds,1,data\raw_pep_metadata\ijpa\2020\ijpa_IJP_2020_art_id_IJP._AND_year_2020.json
ijpa,International Journal of Psychoanalysis,IJP,2020,IJP.101.0257A,IJP,2020,Vygotsky’s inner language and its relation to the unconscious system of Freud,Nicolás Suárez Delucchi and  Pablo Fossa Arcila,International Journal of Psychoanalysis ,101,2,257-272,10.1080/00207578.2020.1726710,ART,1,Inner language,documentInfoXML/artkwds,1,data\raw_pep_metadata\ijpa\2020\ijpa_IJP_2020_art_id_IJP._AND_year_2020.json
ijpa,International Journal of Psychoanalysis,IJP,2020,IJP.101.0257A,IJP,2020,Vygotsky’s inner language and its relation to the unconscious system of Freud,Nicolás Suárez Delucchi and  Pablo Fossa Arcila,International Journal of Psychoanalysis ,101,2,257-272,10.1080/00207578.2020.1726710,ART,2,unconscious representations,documentInfoXML/artkwds,1,data\raw_pep_metadata\ijpa\2020\ijpa_IJP_2020_art_id_IJP._AND_year_2020.json
ijpa,International Journal of Psychoanalysis,IJP,2020,IJP.101.0257A,IJP,2020,Vygotsky’s inner language and its relation to the unconscious system of Freud,Nicolás Suárez Delucchi and  Pablo Fossa Arcila,International Journal of Psychoanalysis ,101,2,257-272,10.1080/00207578.2020.1726710,ART,3,primary process,documentInfoXML/artkwds,1,data\raw_pep_metadata\ijpa\2020\ijpa_IJP_2020_art_id_IJP._AND_year_2020.json
ijpa,International Journal of Psychoanalysis,IJP,2020,IJP.101.0257A,IJP,2020,Vygotsky’s inner language and its relation to the unconscious system of Freud,Nicolás Suárez Delucchi and  Pablo Fossa Arcila,International Journal of Psychoanalysis ,101,2,257-272,10.1080/00207578.2020.1726710,ART,4,derivative/formation of the unconscious,documentInfoXML/artkwds,1,data\raw_pep_metadata\ijpa\2020\ijpa_IJP_2020_art_id_IJP._AND_year_2020.json
ijpa,International Journal of Psychoanalysis,IJP,2020,IJP.101.0257A,IJP,2020,Vygotsky’s inner language and its relation to the unconscious system of Freud,Nicolás Suárez Delucchi and  Pablo Fossa Arcila,International Journal of Psychoanalysis ,101,2,257-272,10.1080/00207578.2020.1726710,ART,5,Freud,documentInfoXML/artkwds,1,data\raw_pep_metadata\ijpa\2020\ijpa_IJP_2020_art_id_IJP._AND_year_2020.json
ijpa,International Journal of Psychoanalysis,IJP,2020,IJP.101.0257A,IJP,2020,Vygotsky’s inner language and its relation to the unconscious system of Freud,Nicolás Suárez Delucchi and  Pablo Fossa Arcila,International Journal of Psychoanalysis ,101,2,257-272,10.1080/00207578.2020.1726710,ART,6,Vygotsky,documentInfoXML/artkwds,1,data\raw_pep_metadata\ijpa\2020\ijpa_IJP_2020_art_id_IJP._AND_year_2020.json
ijpa,International Journal of Psychoanalysis,IJP,2020,IJP.101.0706A,IJP,2020,Sabina Spielrein’s theory of the origin and development of language,Fatima Caropreso,International Journal of Psychoanalysis ,101,4,706-723,10.1080/00207578.2020.1772075,ART,1,Psychoanalytic theory,documentInfoXML/artkwds,1,data\raw_pep_metadata\ijpa\2020\ijpa_IJP_2020_art_id_IJP._AND_year_2020.json
ijpa,International Journal of Psychoanalysis,IJP,2020,IJP.101.0706A,IJP,2020,Sabina Spielrein’s theory of the origin and development of language,Fatima Caropreso,International Journal of Psychoanalysis ,101,4,706-723,10.1080/00207578.2020.1772075,ART,2,Sabina Spielrein,documentInfoXML/artkwds,1,data\raw_pep_metadata\ijpa\2020\ijpa_IJP_2020_art_id_IJP._AND_year_2020.json
ijpa,International Journal of Psychoanalysis,IJP,2020,IJP.101.0706A,IJP,2020,Sabina Spielrein’s theory of the origin and development of language,Fatima Caropreso,International Journal of Psychoanalysis ,101,4,706-723,10.1080/00207578.2020.1772075,ART,3,language,documentInfoXML/artkwds,1,data\raw_pep_metadata\ijpa\2020\ijpa_IJP_2020_art_id_IJP._AND_year_2020.json
ijpa,International Journal of Psychoanalysis,IJP,2020,IJP.101.0706A,IJP,2020,Sabina Spielrein’s theory of the origin and development of language,Fatima Caropreso,International Journal of Psychoanalysis ,101,4,706-723,10.1080/00207578.2020.1772075,ART,4,thought,documentInfoXML/artkwds,1,data\raw_pep_metadata\ijpa\2020\ijpa_IJP_2020_art_id_IJP._AND_year_2020.json
ijpa,International Journal of Psychoanalysis,IJP,2020,IJP.101.0706A,IJP,2020,Sabina Spielrein’s theory of the origin and development of language,Fatima Caropreso,International Journal of Psychoanalysis ,101,4,706-723,10.1080/00207578.2020.1772075,ART,5,subconsciousness,documentInfoXML/artkwds,1,data\raw_pep_metadata\ijpa\2020\ijpa_IJP_2020_art_id_IJP._AND_year_2020.json
ijpa,International Journal of Psychoanalysis,IJP,2020,IJP.101.0951A,IJP,2020,The man I am trying to be is not me,Roberto D’Angelo,International Journal of Psychoanalysis ,101,5,951-970,10.1080/00207578.2020.1810049,ART,1,Gender,documentInfoXML/artkwds,1,data\raw_pep_metadata\ijpa\2020\ijpa_IJP_2020_art_id_IJP._AND_year_2020.json
ijpa,International Journal of Psychoanalysis,IJP,2020,IJP.101.0951A,IJP,2020,The man I am trying to be is not me,Roberto D’Angelo,International Journal of Psychoanalysis ,101,5,951-970,10.1080/00207578.2020.1810049,ART,2,relational psychoanalysis,documentInfoXML/artkwds,1,data\raw_pep_metadata\ijpa\2020\ijpa_IJP_2020_art_id_IJP._AND_year_2020.json
ijpa,International Journal of Psychoanalysis,IJP,2020,IJP.101.0951A,IJP,2020,The man I am trying to be is not me,Roberto D’Angelo,International Journal of Psychoanalysis ,101,5,951-970,10.1080/00207578.2020.1810049,ART,3,intersubjectivity,documentInfoXML/artkwds,1,data\raw_pep_metadata\ijpa\2020\ijpa_IJP_2020_art_id_IJP._AND_year_2020.json
ijpa,International Journal of Psychoanalysis,IJP,2020,IJP.101.0951A,IJP,2020,The man I am trying to be is not me,Roberto D’Angelo,International Journal of Psychoanalysis ,101,5,951-970,10.1080/00207578.2020.1810049,ART,4,psychotherapy,documentInfoXML/artkwds,1,data\raw_pep_metadata\ijpa\2020\ijpa_IJP_2020_art_id_IJP._AND_year_2020.json
ijpa,International Journal of Psychoanalysis,IJP,2020,IJP.101.0971A,IJP,2020,Destructive populism as “perverted containing”: A psychoanalytical look at the attraction of Donald Trump,Karin Johanna Zienert-Eilts,International Journal of Psychoanalysis ,101,5,971-991,10.1080/00207578.2020.1827955,ART,1,Destructive populism,documentInfoXML/artkwds,1,data\raw_pep_metadata\ijpa\2020\ijpa_IJP_2020_art_id_IJP._AND_year_2020.json
ijpa,International Journal of Psychoanalysis,IJP,2020,IJP.101.0971A,IJP,2020,Destructive populism as “perverted containing”: A psychoanalytical look at the attraction of Donald Trump,Karin Johanna Zienert-Eilts,International Journal of Psychoanalysis ,101,5,971-991,10.1080/00207578.2020.1827955,ART,2,perverted containing,documentInfoXML/artkwds,1,data\raw_pep_metadata\ijpa\2020\ijpa_IJP_2020_art_id_IJP._AND_year_2020.json
ijpa,International Journal of Psychoanalysis,IJP,2020,IJP.101.0971A,IJP,2020,Destructive populism as “perverted containing”: A psychoanalytical look at the attraction of Donald Trump,Karin Johanna Zienert-Eilts,International Journal of Psychoanalysis ,101,5,971-991,10.1080/00207578.2020.1827955,ART,3,Donald Trump,documentInfoXML/artkwds,1,data\raw_pep_metadata\ijpa\2020\ijpa_IJP_2020_art_id_IJP._AND_year_2020.json
ijpa,International Journal of Psychoanalysis,IJP,2020,IJP.101.0971A,IJP,2020,Destructive populism as “perverted containing”: A psychoanalytical look at the attraction of Donald Trump,Karin Johanna Zienert-Eilts,International Journal of Psychoanalysis ,101,5,971-991,10.1080/00207578.2020.1827955,ART,4,destructive narcissism,documentInfoXML/artkwds,1,data\raw_pep_metadata\ijpa\2020\ijpa_IJP_2020_art_id_IJP._AND_year_2020.json
ijpa,International Journal of Psychoanalysis,IJP,2020,IJP.101.0971A,IJP,2020,Destructive populism as “perverted containing”: A psychoanalytical look at the attraction of Donald Trump,Karin Johanna Zienert-Eilts,International Journal of Psychoanalysis ,101,5,971-991,10.1080/00207578.2020.1827955,ART,5,paranoid-schizoid position,documentInfoXML/artkwds,1,data\raw_pep_metadata\ijpa\2020\ijpa_IJP_2020_art_id_IJP._AND_year_2020.json
ijpa,International Journal of Psychoanalysis,IJP,2020,IJP.101.0971A,IJP,2020,Destructive populism as “perverted containing”: A psychoanalytical look at the attraction of Donald Trump,Karin Johanna Zienert-Eilts,International Journal of Psychoanalysis ,101,5,971-991,10.1080/00207578.2020.1827955,ART,6,destructive populist fit,documentInfoXML/artkwds,1,data\raw_pep_metadata\ijpa\2020\ijpa_IJP_2020_art_id_IJP._AND_year_2020.json
ijpa,International Journal of Psychoanalysis,IJP,2020,IJP.101.0971A,IJP,2020,Destructive populism as “perverted containing”: A psychoanalytical look at the attraction of Donald Trump,Karin Johanna Zienert-Eilts,International Journal of Psychoanalysis ,101,5,971-991,10.1080/00207578.2020.1827955,ART,7,destructive processes in groups and masses,documentInfoXML/artkwds,1,data\raw_pep_metadata\ijpa\2020\ijpa_IJP_2020_art_id_IJP._AND_year_2020.json
ijpa,International Journal of Psychoanalysis,IJP,2020,IJP.101.0971A,IJP,2020,Destructive populism as “perverted containing”: A psychoanalytical look at the attraction of Donald Trump,Karin Johanna Zienert-Eilts,International Journal of Psychoanalysis ,101,5,971-991,10.1080/00207578.2020.1827955,ART,8,regression,documentInfoXML/artkwds,1,data\raw_pep_metadata\ijpa\2020\ijpa_IJP_2020_art_id_IJP._AND_year_2020.json
ijpa,International Journal of Psychoanalysis,IJP,2020,IJP.101.0971A,IJP,2020,Destructive populism as “perverted containing”: A psychoanalytical look at the attraction of Donald Trump,Karin Johanna Zienert-Eilts,International Journal of Psychoanalysis ,101,5,971-991,10.1080/00207578.2020.1827955,ART,9,social media,documentInfoXML/artkwds,1,data\raw_pep_metadata\ijpa\2020\ijpa_IJP_2020_art_id_IJP._AND_year_2020.json
ijpa,International Journal of Psychoanalysis,IJP,2020,IJP.101.0273A,IJP,2020,Wagner’s Parsifal and Bion’s theory of thinking: Compassion as an “element of psychoanalysis”,Moshe Bergstein,International Journal of Psychoanalysis ,101,2,273-287,10.1080/00207578.2019.1696658,ART,1,Parsifal,documentInfoXML/artkwds,1,data\raw_pep_metadata\ijpa\2020\ijpa_IJP_2020_art_id_IJP._AND_year_2020.json
ijpa,International Journal of Psychoanalysis,IJP,2020,IJP.101.0273A,IJP,2020,Wagner’s Parsifal and Bion’s theory of thinking: Compassion as an “element of psychoanalysis”,Moshe Bergstein,International Journal of Psychoanalysis ,101,2,273-287,10.1080/00207578.2019.1696658,ART,2,Bion,documentInfoXML/artkwds,1,data\raw_pep_metadata\ijpa\2020\ijpa_IJP_2020_art_id_IJP._AND_year_2020.json
ijpa,International Journal of Psychoanalysis,IJP,2020,IJP.101.0273A,IJP,2020,Wagner’s Parsifal and Bion’s theory of thinking: Compassion as an “element of psychoanalysis”,Moshe Bergstein,International Journal of Psychoanalysis ,101,2,273-287,10.1080/00207578.2019.1696658,ART,3,theory of thinking,documentInfoXML/artkwds,1,data\raw_pep_metadata\ijpa\2020\ijpa_IJP_2020_art_id_IJP._AND_year_2020.json
ijpa,International Journal of Psychoanalysis,IJP,2020,IJP.101.0273A,IJP,2020,Wagner’s Parsifal and Bion’s theory of thinking: Compassion as an “element of psychoanalysis”,Moshe Bergstein,International Journal of Psychoanalysis ,101,2,273-287,10.1080/00207578.2019.1696658,ART,4,compassion,documentInfoXML/artkwds,1,data\raw_pep_metadata\ijpa\2020\ijpa_IJP_2020_art_id_IJP._AND_year_2020.json
ijpa,International Journal of Psychoanalysis,IJP,2020,IJP.101.1136A,IJP,2020,A forgotten review by Sándor Ferenczi: “Otto Gross: Three essays on internal conflict” (1920),F. Javier Montejo Alonso and  Tea Habazin,International Journal of Psychoanalysis,101,6,1136-1147,10.1080/00207578.2020.1819818,ART,1,Ferenczi,documentInfoXML/artkwds,1,data\raw_pep_metadata\ijpa\2020\ijpa_IJP_2020_art_id_IJP._AND_year_2020.json
ijpa,International Journal of Psychoanalysis,IJP,2020,IJP.101.1136A,IJP,2020,A forgotten review by Sándor Ferenczi: “Otto Gross: Three essays on internal conflict” (1920),F. Javier Montejo Alonso and  Tea Habazin,International Journal of Psychoanalysis,101,6,1136-1147,10.1080/00207578.2020.1819818,ART,2,Otto Gross,documentInfoXML/artkwds,1,data\raw_pep_metadata\ijpa\2020\ijpa_IJP_2020_art_id_IJP._AND_year_2020.json
ijpa,International Journal of Psychoanalysis,IJP,2020,IJP.101.1136A,IJP,2020,A forgotten review by Sándor Ferenczi: “Otto Gross: Three essays on internal conflict” (1920),F. Javier Montejo Alonso and  Tea Habazin,International Journal of Psychoanalysis,101,6,1136-1147,10.1080/00207578.2020.1819818,ART,3,history of psychoanalysis,documentInfoXML/artkwds,1,data\raw_pep_metadata\ijpa\2020\ijpa_IJP_2020_art_id_IJP._AND_year_2020.json
ijpa,International Journal of Psychoanalysis,IJP,2020,IJP.101.1136A,IJP,2020,A forgotten review by Sándor Ferenczi: “Otto Gross: Three essays on internal conflict” (1920),F. Javier Montejo Alonso and  Tea Habazin,International Journal of Psychoanalysis,101,6,1136-1147,10.1080/00207578.2020.1819818,ART,4,contact instinct,documentInfoXML/artkwds,1,data\raw_pep_metadata\ijpa\2020\ijpa_IJP_2020_art_id_IJP._AND_year_2020.json
ijpa,International Journal of Psychoanalysis,IJP,2020,IJP.101.1136A,IJP,2020,A forgotten review by Sándor Ferenczi: “Otto Gross: Three essays on internal conflict” (1920),F. Javier Montejo Alonso and  Tea Habazin,International Journal of Psychoanalysis,101,6,1136-1147,10.1080/00207578.2020.1819818,ART,5,infantile sexuality,documentInfoXML/artkwds,1,data\raw_pep_metadata\ijpa\2020\ijpa_IJP_2020_art_id_IJP._AND_year_2020.json
ijpa,International Journal of Psychoanalysis,IJP,2020,IJP.101.1136A,IJP,2020,A forgotten review by Sándor Ferenczi: “Otto Gross: Three essays on internal conflict” (1920),F. Javier Montejo Alonso and  Tea Habazin,International Journal of Psychoanalysis,101,6,1136-1147,10.1080/00207578.2020.1819818,ART,6,relational psychoanalysis,documentInfoXML/artkwds,1,data\raw_pep_metadata\ijpa\2020\ijpa_IJP_2020_art_id_IJP._AND_year_2020.json
ijpa,International Journal of Psychoanalysis,IJP,2020,IJP.101.1219A,IJP,2020,The pain of the social,Yolanda Gampel,International Journal of Psychoanalysis ,101,6,1219-1235,10.1080/00207578.2020.1821578,ART,1,Radioactive transmition,documentInfoXML/artkwds,1,data\raw_pep_metadata\ijpa\2020\ijpa_IJP_2020_art_id_IJP._AND_year_2020.json
ijpa,International Journal of Psychoanalysis,IJP,2020,IJP.101.1219A,IJP,2020,The pain of the social,Yolanda Gampel,International Journal of Psychoanalysis ,101,6,1219-1235,10.1080/00207578.2020.1821578,ART,2,radioactive identification,documentInfoXML/artkwds,1,data\raw_pep_metadata\ijpa\2020\ijpa_IJP_2020_art_id_IJP._AND_year_2020.json
ijpa,International Journal of Psychoanalysis,IJP,2020,IJP.101.1219A,IJP,2020,The pain of the social,Yolanda Gampel,International Journal of Psychoanalysis ,101,6,1219-1235,10.1080/00207578.2020.1821578,ART,3,the background of uncanny,documentInfoXML/artkwds,1,data\raw_pep_metadata\ijpa\2020\ijpa_IJP_2020_art_id_IJP._AND_year_2020.json
ijpa,International Journal of Psychoanalysis,IJP,2020,IJP.101.1039A,IJP,2020,Psychoanalysis and black lives,M. Fakhry Davids,International Journal of Psychoanalysis ,101,5,1039-1047,10.1080/00207578.2020.1816471,ART,1,Blackness,documentInfoXML/artkwds,1,data\raw_pep_metadata\ijpa\2020\ijpa_IJP_2020_art_id_IJP._AND_year_2020.json
ijpa,International Journal of Psychoanalysis,IJP,2020,IJP.101.1039A,IJP,2020,Psychoanalysis and black lives,M. Fakhry Davids,International Journal of Psychoanalysis ,101,5,1039-1047,10.1080/00207578.2020.1816471,ART,2,racist projection,documentInfoXML/artkwds,1,data\raw_pep_metadata\ijpa\2020\ijpa_IJP_2020_art_id_IJP._AND_year_2020.json
ijpa,International Journal of Psychoanalysis,IJP,2020,IJP.101.1039A,IJP,2020,Psychoanalysis and black lives,M. Fakhry Davids,International Journal of Psychoanalysis ,101,5,1039-1047,10.1080/00207578.2020.1816471,ART,3,internal racism,documentInfoXML/artkwds,1,data\raw_pep_metadata\ijpa\2020\ijpa_IJP_2020_art_id_IJP._AND_year_2020.json
ijpa,International Journal of Psychoanalysis,IJP,2020,IJP.101.1188A,IJP,2020,"The role of repetition in narcissism and self-sacrifice: A Freudian Kleinian
          reflection on the person’s foundational love of the other",Rachel B. Blass,International Journal of Psychoanalysis ,101,6,1188-1202,10.1080/00207578.2020.1809154,ART,1,Riviere,documentInfoXML/artkwds,1,data\raw_pep_metadata\ijpa\2020\ijpa_IJP_2020_art_id_IJP._AND_year_2020.json
ijpa,International Journal of Psychoanalysis,IJP,2020,IJP.101.1188A,IJP,2020,"The role of repetition in narcissism and self-sacrifice: A Freudian Kleinian
          reflection on the person’s foundational love of the other",Rachel B. Blass,International Journal of Psychoanalysis ,101,6,1188-1202,10.1080/00207578.2020.1809154,ART,2,death instinct,documentInfoXML/artkwds,1,data\raw_pep_metadata\ijpa\2020\ijpa_IJP_2020_art_id_IJP._AND_year_2020.json
ijpa,International Journal of Psychoanalysis,IJP,2020,IJP.101.1188A,IJP,2020,"The role of repetition in narcissism and self-sacrifice: A Freudian Kleinian
          reflection on the person’s foundational love of the other",Rachel B. Blass,International Journal of Psychoanalysis ,101,6,1188-1202,10.1080/00207578.2020.1809154,ART,3,Beyond the Pleasure Principle,documentInfoXML/artkwds,1,data\raw_pep_metadata\ijpa\2020\ijpa_IJP_2020_art_id_IJP._AND_year_2020.json
ijpa,International Journal of Psychoanalysis,IJP,2020,IJP.101.1188A,IJP,2020,"The role of repetition in narcissism and self-sacrifice: A Freudian Kleinian
          reflection on the person’s foundational love of the other",Rachel B. Blass,International Journal of Psychoanalysis ,101,6,1188-1202,10.1080/00207578.2020.1809154,ART,4,repetition compulsion,documentInfoXML/artkwds,1,data\raw_pep_metadata\ijpa\2020\ijpa_IJP_2020_art_id_IJP._AND_year_2020.json
ijpa,International Journal of Psychoanalysis,IJP,2020,IJP.101.1188A,IJP,2020,"The role of repetition in narcissism and self-sacrifice: A Freudian Kleinian
          reflection on the person’s foundational love of the other",Rachel B. Blass,International Journal of Psychoanalysis ,101,6,1188-1202,10.1080/00207578.2020.1809154,ART,5,narcissism,documentInfoXML/artkwds,1,data\raw_pep_metadata\ijpa\2020\ijpa_IJP_2020_art_id_IJP._AND_year_2020.json
ijpa,International Journal of Psychoanalysis,IJP,2020,IJP.101.1188A,IJP,2020,"The role of repetition in narcissism and self-sacrifice: A Freudian Kleinian
          reflection on the person’s foundational love of the other",Rachel B. Blass,International Journal of Psychoanalysis ,101,6,1188-1202,10.1080/00207578.2020.1809154,ART,6,sacrifice,documentInfoXML/artkwds,1,data\raw_pep_metadata\ijpa\2020\ijpa_IJP_2020_art_id_IJP._AND_year_2020.json
ijpa,International Journal of Psychoanalysis,IJP,2020,IJP.101.0239A,IJP,2020,On the logic of the unconscious,Amit Saad,International Journal of Psychoanalysis ,101,2,239-256,10.1080/00207578.2020.1726713,ART,1,The unconscious,documentInfoXML/artkwds,1,data\raw_pep_metadata\ijpa\2020\ijpa_IJP_2020_art_id_IJP._AND_year_2020.json
ijpa,International Journal of Psychoanalysis,IJP,2020,IJP.101.0239A,IJP,2020,On the logic of the unconscious,Amit Saad,International Journal of Psychoanalysis ,101,2,239-256,10.1080/00207578.2020.1726713,ART,2,Freud,documentInfoXML/artkwds,1,data\raw_pep_metadata\ijpa\2020\ijpa_IJP_2020_art_id_IJP._AND_year_2020.json
ijpa,International Journal of Psychoanalysis,IJP,2020,IJP.101.0239A,IJP,2020,On the logic of the unconscious,Amit Saad,International Journal of Psychoanalysis ,101,2,239-256,10.1080/00207578.2020.1726713,ART,3,Matte-Blanco,documentInfoXML/artkwds,1,data\raw_pep_metadata\ijpa\2020\ijpa_IJP_2020_art_id_IJP._AND_year_2020.json
ijpa,International Journal of Psychoanalysis,IJP,2020,IJP.101.0239A,IJP,2020,On the logic of the unconscious,Amit Saad,International Journal of Psychoanalysis ,101,2,239-256,10.1080/00207578.2020.1726713,ART,4,negationless-logic,documentInfoXML/artkwds,1,data\raw_pep_metadata\ijpa\2020\ijpa_IJP_2020_art_id_IJP._AND_year_2020.json
ijpa,International Journal of Psychoanalysis,IJP,2020,IJP.101.0239A,IJP,2020,On the logic of the unconscious,Amit Saad,International Journal of Psychoanalysis ,101,2,239-256,10.1080/00207578.2020.1726713,ART,5,negation,documentInfoXML/artkwds,1,data\raw_pep_metadata\ijpa\2020\ijpa_IJP_2020_art_id_IJP._AND_year_2020.json
ijpa,International Journal of Psychoanalysis,IJP,2020,IJP.101.0239A,IJP,2020,On the logic of the unconscious,Amit Saad,International Journal of Psychoanalysis ,101,2,239-256,10.1080/00207578.2020.1726713,ART,6,logic,documentInfoXML/artkwds,1,data\raw_pep_metadata\ijpa\2020\ijpa_IJP_2020_art_id_IJP._AND_year_2020.json
ijpa,International Journal of Psychoanalysis,IJP,2020,IJP.101.0013A,IJP,2020,"Incommensurability between paradigms, revolutions and common ground in the development of psychoanalysis",Leopoldo Fulgencio,International Journal of Psychoanalysis ,101,1,13-41,10.1080/00207578.2019.1686389,ART,1,Paradigms,documentInfoXML/artkwds,1,data\raw_pep_metadata\ijpa\2020\ijpa_IJP_2020_art_id_IJP._AND_year_2020.json
ijpa,International Journal of Psychoanalysis,IJP,2020,IJP.101.0013A,IJP,2020,"Incommensurability between paradigms, revolutions and common ground in the development of psychoanalysis",Leopoldo Fulgencio,International Journal of Psychoanalysis ,101,1,13-41,10.1080/00207578.2019.1686389,ART,2,incommensurability,documentInfoXML/artkwds,1,data\raw_pep_metadata\ijpa\2020\ijpa_IJP_2020_art_id_IJP._AND_year_2020.json
ijpa,International Journal of Psychoanalysis,IJP,2020,IJP.101.0013A,IJP,2020,"Incommensurability between paradigms, revolutions and common ground in the development of psychoanalysis",Leopoldo Fulgencio,International Journal of Psychoanalysis ,101,1,13-41,10.1080/00207578.2019.1686389,ART,3,common ground,documentInfoXML/artkwds,1,data\raw_pep_metadata\ijpa\2020\ijpa_IJP_2020_art_id_IJP._AND_year_2020.json
ijpa,International Journal of Psychoanalysis,IJP,2020,IJP.101.0013A,IJP,2020,"Incommensurability between paradigms, revolutions and common ground in the development of psychoanalysis",Leopoldo Fulgencio,International Journal of Psychoanalysis ,101,1,13-41,10.1080/00207578.2019.1686389,ART,4,communication,documentInfoXML/artkwds,1,data\raw_pep_metadata\ijpa\2020\ijpa_IJP_2020_art_id_IJP._AND_year_2020.json
ijpa,International Journal of Psychoanalysis,IJP,2020,IJP.101.0013A,IJP,2020,"Incommensurability between paradigms, revolutions and common ground in the development of psychoanalysis",Leopoldo Fulgencio,International Journal of Psychoanalysis ,101,1,13-41,10.1080/00207578.2019.1686389,ART,5,redescription,documentInfoXML/artkwds,1,data\raw_pep_metadata\ijpa\2020\ijpa_IJP_2020_art_id_IJP._AND_year_2020.json
ijpa,International Journal of Psychoanalysis,IJP,2020,IJP.101.1172A,IJP,2020,"A river with several different tributary streams: Reflections on the
                    repetition compulsion",Heinz Weiss,International Journal of Psychoanalysis ,101,6,1172-1187,10.1080/00207578.2020.1809155,ART,1,Repetition,documentInfoXML/artkwds,1,data\raw_pep_metadata\ijpa\2020\ijpa_IJP_2020_art_id_IJP._AND_year_2020.json
ijpa,International Journal of Psychoanalysis,IJP,2020,IJP.101.1172A,IJP,2020,"A river with several different tributary streams: Reflections on the
                    repetition compulsion",Heinz Weiss,International Journal of Psychoanalysis ,101,6,1172-1187,10.1080/00207578.2020.1809155,ART,2,repetition compulsion,documentInfoXML/artkwds,1,data\raw_pep_metadata\ijpa\2020\ijpa_IJP_2020_art_id_IJP._AND_year_2020.json
ijpa,International Journal of Psychoanalysis,IJP,2020,IJP.101.1172A,IJP,2020,"A river with several different tributary streams: Reflections on the
                    repetition compulsion",Heinz Weiss,International Journal of Psychoanalysis ,101,6,1172-1187,10.1080/00207578.2020.1809155,ART,3,superego,documentInfoXML/artkwds,1,data\raw_pep_metadata\ijpa\2020\ijpa_IJP_2020_art_id_IJP._AND_year_2020.json
ijpa,International Journal of Psychoanalysis,IJP,2020,IJP.101.1172A,IJP,2020,"A river with several different tributary streams: Reflections on the
                    repetition compulsion",Heinz Weiss,International Journal of Psychoanalysis ,101,6,1172-1187,10.1080/00207578.2020.1809155,ART,4,reparation,documentInfoXML/artkwds,1,data\raw_pep_metadata\ijpa\2020\ijpa_IJP_2020_art_id_IJP._AND_year_2020.json
ijpa,International Journal of Psychoanalysis,IJP,2020,IJP.101.1172A,IJP,2020,"A river with several different tributary streams: Reflections on the
                    repetition compulsion",Heinz Weiss,International Journal of Psychoanalysis ,101,6,1172-1187,10.1080/00207578.2020.1809155,ART,5,Joan Riviere dilemma,documentInfoXML/artkwds,1,data\raw_pep_metadata\ijpa\2020\ijpa_IJP_2020_art_id_IJP._AND_year_2020.json
ijpa,International Journal of Psychoanalysis,IJP,2020,IJP.101.0863A,IJP,2020,Violent emotions and the violence of life,Avner Bergstein,International Journal of Psychoanalysis ,101,5,863-878,10.1080/00207578.2020.1796492,ART,1,Dreaming,documentInfoXML/artkwds,1,data\raw_pep_metadata\ijpa\2020\ijpa_IJP_2020_art_id_IJP._AND_year_2020.json
ijpa,International Journal of Psychoanalysis,IJP,2020,IJP.101.0863A,IJP,2020,Violent emotions and the violence of life,Avner Bergstein,International Journal of Psychoanalysis ,101,5,863-878,10.1080/00207578.2020.1796492,ART,2,pain,documentInfoXML/artkwds,1,data\raw_pep_metadata\ijpa\2020\ijpa_IJP_2020_art_id_IJP._AND_year_2020.json
ijpa,International Journal of Psychoanalysis,IJP,2020,IJP.101.0863A,IJP,2020,Violent emotions and the violence of life,Avner Bergstein,International Journal of Psychoanalysis ,101,5,863-878,10.1080/00207578.2020.1796492,ART,3,prenatal experience,documentInfoXML/artkwds,1,data\raw_pep_metadata\ijpa\2020\ijpa_IJP_2020_art_id_IJP._AND_year_2020.json
ijpa,International Journal of Psychoanalysis,IJP,2020,IJP.101.0863A,IJP,2020,Violent emotions and the violence of life,Avner Bergstein,International Journal of Psychoanalysis ,101,5,863-878,10.1080/00207578.2020.1796492,ART,4,psychotic functioning,documentInfoXML/artkwds,1,data\raw_pep_metadata\ijpa\2020\ijpa_IJP_2020_art_id_IJP._AND_year_2020.json
ijpa,International Journal of Psychoanalysis,IJP,2020,IJP.101.0863A,IJP,2020,Violent emotions and the violence of life,Avner Bergstein,International Journal of Psychoanalysis ,101,5,863-878,10.1080/00207578.2020.1796492,ART,5,unrepressed unconscious,documentInfoXML/artkwds,1,data\raw_pep_metadata\ijpa\2020\ijpa_IJP_2020_art_id_IJP._AND_year_2020.json
ijpa,International Journal of Psychoanalysis,IJP,2020,IJP.101.0863A,IJP,2020,Violent emotions and the violence of life,Avner Bergstein,International Journal of Psychoanalysis ,101,5,863-878,10.1080/00207578.2020.1796492,ART,6,Bion,documentInfoXML/artkwds,1,data\raw_pep_metadata\ijpa\2020\ijpa_IJP_2020_art_id_IJP._AND_year_2020.json
ijpa,International Journal of Psychoanalysis,IJP,2020,IJP.101.1106A,IJP,2020,Psychoanalytic training in the Eitingon model and its controversies: A way forward,"David Tuckett,  Jacqueline Amati Mehler,  Sara Collins,  Michael Diercks,  Denis Flynn,  Claudia Frank,  David Millar,  Elisabeth Skale and  Marie-Ange Wagtmann",International Journal of Psychoanalysis ,101,6,1106-1135,10.1080/00207578.2020.1837630,ART,1,Training,documentInfoXML/artkwds,1,data\raw_pep_metadata\ijpa\2020\ijpa_IJP_2020_art_id_IJP._AND_year_2020.json
ijpa,International Journal of Psychoanalysis,IJP,2020,IJP.101.1106A,IJP,2020,Psychoanalytic training in the Eitingon model and its controversies: A way forward,"David Tuckett,  Jacqueline Amati Mehler,  Sara Collins,  Michael Diercks,  Denis Flynn,  Claudia Frank,  David Millar,  Elisabeth Skale and  Marie-Ange Wagtmann",International Journal of Psychoanalysis ,101,6,1106-1135,10.1080/00207578.2020.1837630,ART,2,research,documentInfoXML/artkwds,1,data\raw_pep_metadata\ijpa\2020\ijpa_IJP_2020_art_id_IJP._AND_year_2020.json
ijpa,International Journal of Psychoanalysis,IJP,2020,IJP.101.1106A,IJP,2020,Psychoanalytic training in the Eitingon model and its controversies: A way forward,"David Tuckett,  Jacqueline Amati Mehler,  Sara Collins,  Michael Diercks,  Denis Flynn,  Claudia Frank,  David Millar,  Elisabeth Skale and  Marie-Ange Wagtmann",International Journal of Psychoanalysis ,101,6,1106-1135,10.1080/00207578.2020.1837630,ART,3,Eitingon model,documentInfoXML/artkwds,1,data\raw_pep_metadata\ijpa\2020\ijpa_IJP_2020_art_id_IJP._AND_year_2020.json
ijpa,International Journal of Psychoanalysis,IJP,2020,IJP.101.1106A,IJP,2020,Psychoanalytic training in the Eitingon model and its controversies: A way forward,"David Tuckett,  Jacqueline Amati Mehler,  Sara Collins,  Michael Diercks,  Denis Flynn,  Claudia Frank,  David Millar,  Elisabeth Skale and  Marie-Ange Wagtmann",International Journal of Psychoanalysis ,101,6,1106-1135,10.1080/00207578.2020.1837630,ART,4,IPA,documentInfoXML/artkwds,1,data\raw_pep_metadata\ijpa\2020\ijpa_IJP_2020_art_id_IJP._AND_year_2020.json
ijpa,International Journal of Psychoanalysis,IJP,2020,IJP.101.1106A,IJP,2020,Psychoanalytic training in the Eitingon model and its controversies: A way forward,"David Tuckett,  Jacqueline Amati Mehler,  Sara Collins,  Michael Diercks,  Denis Flynn,  Claudia Frank,  David Millar,  Elisabeth Skale and  Marie-Ange Wagtmann",International Journal of Psychoanalysis ,101,6,1106-1135,10.1080/00207578.2020.1837630,ART,5,third position,documentInfoXML/artkwds,1,data\raw_pep_metadata\ijpa\2020\ijpa_IJP_2020_art_id_IJP._AND_year_2020.json
ijpa,International Journal of Psychoanalysis,IJP,2020,IJP.101.0900A,IJP,2020,Scientific thinking styles: The different ways of thinking in psychoanalytic case studies,Greta Kaluzeviciute and  Jochem Willemsen,International Journal of Psychoanalysis ,101,5,900-922,10.1080/00207578.2020.1796491,ART,1,Freudian theory,documentInfoXML/artkwds,1,data\raw_pep_metadata\ijpa\2020\ijpa_IJP_2020_art_id_IJP._AND_year_2020.json
ijpa,International Journal of Psychoanalysis,IJP,2020,IJP.101.0900A,IJP,2020,Scientific thinking styles: The different ways of thinking in psychoanalytic case studies,Greta Kaluzeviciute and  Jochem Willemsen,International Journal of Psychoanalysis ,101,5,900-922,10.1080/00207578.2020.1796491,ART,2,history of psychoanalysis,documentInfoXML/artkwds,1,data\raw_pep_metadata\ijpa\2020\ijpa_IJP_2020_art_id_IJP._AND_year_2020.json
ijpa,International Journal of Psychoanalysis,IJP,2020,IJP.101.0900A,IJP,2020,Scientific thinking styles: The different ways of thinking in psychoanalytic case studies,Greta Kaluzeviciute and  Jochem Willemsen,International Journal of Psychoanalysis ,101,5,900-922,10.1080/00207578.2020.1796491,ART,3,philosophy,documentInfoXML/artkwds,1,data\raw_pep_metadata\ijpa\2020\ijpa_IJP_2020_art_id_IJP._AND_year_2020.json
ijpa,International Journal of Psychoanalysis,IJP,2020,IJP.101.0900A,IJP,2020,Scientific thinking styles: The different ways of thinking in psychoanalytic case studies,Greta Kaluzeviciute and  Jochem Willemsen,International Journal of Psychoanalysis ,101,5,900-922,10.1080/00207578.2020.1796491,ART,4,applied psychoanalysis,documentInfoXML/artkwds,1,data\raw_pep_metadata\ijpa\2020\ijpa_IJP_2020_art_id_IJP._AND_year_2020.json
ijpa,International Journal of Psychoanalysis,IJP,2020,IJP.101.1162A,IJP,2020,The compulsion to repeat: An introduction,Howard B. Levine,International Journal of Psychoanalysis ,101,6,1162-1171,10.1080/00207578.2020.1815541,ART,1,Repetition,documentInfoXML/artkwds,1,data\raw_pep_metadata\ijpa\2020\ijpa_IJP_2020_art_id_IJP._AND_year_2020.json
ijpa,International Journal of Psychoanalysis,IJP,2020,IJP.101.1162A,IJP,2020,The compulsion to repeat: An introduction,Howard B. Levine,International Journal of Psychoanalysis ,101,6,1162-1171,10.1080/00207578.2020.1815541,ART,2,trauma,documentInfoXML/artkwds,1,data\raw_pep_metadata\ijpa\2020\ijpa_IJP_2020_art_id_IJP._AND_year_2020.json
ijpa,International Journal of Psychoanalysis,IJP,2020,IJP.101.1162A,IJP,2020,The compulsion to repeat: An introduction,Howard B. Levine,International Journal of Psychoanalysis ,101,6,1162-1171,10.1080/00207578.2020.1815541,ART,3,memory,documentInfoXML/artkwds,1,data\raw_pep_metadata\ijpa\2020\ijpa_IJP_2020_art_id_IJP._AND_year_2020.json
ijpa,International Journal of Psychoanalysis,IJP,2020,IJP.101.1162A,IJP,2020,The compulsion to repeat: An introduction,Howard B. Levine,International Journal of Psychoanalysis ,101,6,1162-1171,10.1080/00207578.2020.1815541,ART,4,death instinct,documentInfoXML/artkwds,1,data\raw_pep_metadata\ijpa\2020\ijpa_IJP_2020_art_id_IJP._AND_year_2020.json
ijpa,International Journal of Psychoanalysis,IJP,2020,IJP.101.1162A,IJP,2020,The compulsion to repeat: An introduction,Howard B. Levine,International Journal of Psychoanalysis ,101,6,1162-1171,10.1080/00207578.2020.1815541,ART,5,binding,documentInfoXML/artkwds,1,data\raw_pep_metadata\ijpa\2020\ijpa_IJP_2020_art_id_IJP._AND_year_2020.json
ijpa,International Journal of Psychoanalysis,IJP,2020,IJP.101.1203A,IJP,2020,"Repetition and the compulsion to repeat, a French perspective",Marilia Aisenstein,International Journal of Psychoanalysis ,101,6,1203-1214,10.1080/00207578.2020.1855750,ART,1,Repetition,documentInfoXML/artkwds,1,data\raw_pep_metadata\ijpa\2020\ijpa_IJP_2020_art_id_IJP._AND_year_2020.json
ijpa,International Journal of Psychoanalysis,IJP,2020,IJP.101.1203A,IJP,2020,"Repetition and the compulsion to repeat, a French perspective",Marilia Aisenstein,International Journal of Psychoanalysis ,101,6,1203-1214,10.1080/00207578.2020.1855750,ART,2,compulsion to repeat,documentInfoXML/artkwds,1,data\raw_pep_metadata\ijpa\2020\ijpa_IJP_2020_art_id_IJP._AND_year_2020.json
ijpa,International Journal of Psychoanalysis,IJP,2020,IJP.101.1203A,IJP,2020,"Repetition and the compulsion to repeat, a French perspective",Marilia Aisenstein,International Journal of Psychoanalysis ,101,6,1203-1214,10.1080/00207578.2020.1855750,ART,3,death drive,documentInfoXML/artkwds,1,data\raw_pep_metadata\ijpa\2020\ijpa_IJP_2020_art_id_IJP._AND_year_2020.json
ijpa,International Journal of Psychoanalysis,IJP,2020,IJP.101.1203A,IJP,2020,"Repetition and the compulsion to repeat, a French perspective",Marilia Aisenstein,International Journal of Psychoanalysis ,101,6,1203-1214,10.1080/00207578.2020.1855750,ART,4,drive,documentInfoXML/artkwds,1,data\raw_pep_metadata\ijpa\2020\ijpa_IJP_2020_art_id_IJP._AND_year_2020.json
ijpa,International Journal of Psychoanalysis,IJP,2020,IJP.101.1203A,IJP,2020,"Repetition and the compulsion to repeat, a French perspective",Marilia Aisenstein,International Journal of Psychoanalysis ,101,6,1203-1214,10.1080/00207578.2020.1855750,ART,5,theory of the drives,documentInfoXML/artkwds,1,data\raw_pep_metadata\ijpa\2020\ijpa_IJP_2020_art_id_IJP._AND_year_2020.json
ijpa,International Journal of Psychoanalysis,IJP,2020,IJP.101.1203A,IJP,2020,"Repetition and the compulsion to repeat, a French perspective",Marilia Aisenstein,International Journal of Psychoanalysis ,101,6,1203-1214,10.1080/00207578.2020.1855750,ART,6,drive defusion,documentInfoXML/artkwds,1,data\raw_pep_metadata\ijpa\2020\ijpa_IJP_2020_art_id_IJP._AND_year_2020.json
ijpa,International Journal of Psychoanalysis,IJP,2020,IJP.101.1203A,IJP,2020,"Repetition and the compulsion to repeat, a French perspective",Marilia Aisenstein,International Journal of Psychoanalysis ,101,6,1203-1214,10.1080/00207578.2020.1855750,ART,7,negation,documentInfoXML/artkwds,1,data\raw_pep_metadata\ijpa\2020\ijpa_IJP_2020_art_id_IJP._AND_year_2020.json
ijpa,International Journal of Psychoanalysis,IJP,2020,IJP.101.1203A,IJP,2020,"Repetition and the compulsion to repeat, a French perspective",Marilia Aisenstein,International Journal of Psychoanalysis ,101,6,1203-1214,10.1080/00207578.2020.1855750,ART,8,Nirvana,documentInfoXML/artkwds,1,data\raw_pep_metadata\ijpa\2020\ijpa_IJP_2020_art_id_IJP._AND_year_2020.json
ijpa,International Journal of Psychoanalysis,IJP,2020,IJP.101.1203A,IJP,2020,"Repetition and the compulsion to repeat, a French perspective",Marilia Aisenstein,International Journal of Psychoanalysis ,101,6,1203-1214,10.1080/00207578.2020.1855750,ART,9,pleasure principle,documentInfoXML/artkwds,1,data\raw_pep_metadata\ijpa\2020\ijpa_IJP_2020_art_id_IJP._AND_year_2020.json
ijpa,International Journal of Psychoanalysis,IJP,2020,IJP.101.1203A,IJP,2020,"Repetition and the compulsion to repeat, a French perspective",Marilia Aisenstein,International Journal of Psychoanalysis ,101,6,1203-1214,10.1080/00207578.2020.1855750,ART,10,principle of constancy,documentInfoXML/artkwds,1,data\raw_pep_metadata\ijpa\2020\ijpa_IJP_2020_art_id_IJP._AND_year_2020.json
ijpa,International Journal of Psychoanalysis,IJP,2020,IJP.101.0724A,IJP,2020,A brief history of the super-ego with an introduction to three papers,Heinz Weiss,International Journal of Psychoanalysis ,101,4,724-734,10.1080/00207578.2020.1796073,ART,1,super-ego,documentInfoXML/artkwds,1,data\raw_pep_metadata\ijpa\2020\ijpa_IJP_2020_art_id_IJP._AND_year_2020.json
ijpa,International Journal of Psychoanalysis,IJP,2020,IJP.101.0724A,IJP,2020,A brief history of the super-ego with an introduction to three papers,Heinz Weiss,International Journal of Psychoanalysis ,101,4,724-734,10.1080/00207578.2020.1796073,ART,2,psychoanalytic tradition,documentInfoXML/artkwds,1,data\raw_pep_metadata\ijpa\2020\ijpa_IJP_2020_art_id_IJP._AND_year_2020.json
ijpa,International Journal of Psychoanalysis,IJP,2020,IJP.101.0724A,IJP,2020,A brief history of the super-ego with an introduction to three papers,Heinz Weiss,International Journal of Psychoanalysis ,101,4,724-734,10.1080/00207578.2020.1796073,ART,3,psychoanalytic social psychology,documentInfoXML/artkwds,1,data\raw_pep_metadata\ijpa\2020\ijpa_IJP_2020_art_id_IJP._AND_year_2020.json
ijpa,International Journal of Psychoanalysis,IJP,2020,IJP.101.0496A,IJP,2020,Walking the middle ground between hermeneutics and science: A research proposal on psychoanalytic process,Carolina Altimir and  Juan Pablo Jimenez,International Journal of Psychoanalysis ,101,3,496-522,10.1080/00207578.2020.1726711,ART,1,Epistemology,documentInfoXML/artkwds,1,data\raw_pep_metadata\ijpa\2020\ijpa_IJP_2020_art_id_IJP._AND_year_2020.json
ijpa,International Journal of Psychoanalysis,IJP,2020,IJP.101.0496A,IJP,2020,Walking the middle ground between hermeneutics and science: A research proposal on psychoanalytic process,Carolina Altimir and  Juan Pablo Jimenez,International Journal of Psychoanalysis ,101,3,496-522,10.1080/00207578.2020.1726711,ART,2,attachment,documentInfoXML/artkwds,1,data\raw_pep_metadata\ijpa\2020\ijpa_IJP_2020_art_id_IJP._AND_year_2020.json
ijpa,International Journal of Psychoanalysis,IJP,2020,IJP.101.0496A,IJP,2020,Walking the middle ground between hermeneutics and science: A research proposal on psychoanalytic process,Carolina Altimir and  Juan Pablo Jimenez,International Journal of Psychoanalysis ,101,3,496-522,10.1080/00207578.2020.1726711,ART,3,psychotherapy,documentInfoXML/artkwds,1,data\raw_pep_metadata\ijpa\2020\ijpa_IJP_2020_art_id_IJP._AND_year_2020.json
ijpa,International Journal of Psychoanalysis,IJP,2020,IJP.101.0496A,IJP,2020,Walking the middle ground between hermeneutics and science: A research proposal on psychoanalytic process,Carolina Altimir and  Juan Pablo Jimenez,International Journal of Psychoanalysis ,101,3,496-522,10.1080/00207578.2020.1726711,ART,4,relational psychoanalysis,documentInfoXML/artkwds,1,data\raw_pep_metadata\ijpa\2020\ijpa_IJP_2020_art_id_IJP._AND_year_2020.json
ijpa,International Journal of Psychoanalysis,IJP,2020,IJP.101.0496A,IJP,2020,Walking the middle ground between hermeneutics and science: A research proposal on psychoanalytic process,Carolina Altimir and  Juan Pablo Jimenez,International Journal of Psychoanalysis ,101,3,496-522,10.1080/00207578.2020.1726711,ART,5,empirical research,documentInfoXML/artkwds,1,data\raw_pep_metadata\ijpa\2020\ijpa_IJP_2020_art_id_IJP._AND_year_2020.json
ijpa,International Journal of Psychoanalysis,IJP,2020,IJP.101.0649A,IJP,2020,Priority of the other: Psychosis through the lens of Laplanche’s general theory of seduction,"Antoni Grzybowski,  Dariusz Grabowski and  Miłosz Wujek",International Journal of Psychoanalysis ,101,4,649-666,10.1080/00207578.2020.1772077,ART,1,Laplanche,documentInfoXML/artkwds,1,data\raw_pep_metadata\ijpa\2020\ijpa_IJP_2020_art_id_IJP._AND_year_2020.json
ijpa,International Journal of Psychoanalysis,IJP,2020,IJP.101.0649A,IJP,2020,Priority of the other: Psychosis through the lens of Laplanche’s general theory of seduction,"Antoni Grzybowski,  Dariusz Grabowski and  Miłosz Wujek",International Journal of Psychoanalysis ,101,4,649-666,10.1080/00207578.2020.1772077,ART,2,general theory of seduction,documentInfoXML/artkwds,1,data\raw_pep_metadata\ijpa\2020\ijpa_IJP_2020_art_id_IJP._AND_year_2020.json
ijpa,International Journal of Psychoanalysis,IJP,2020,IJP.101.0649A,IJP,2020,Priority of the other: Psychosis through the lens of Laplanche’s general theory of seduction,"Antoni Grzybowski,  Dariusz Grabowski and  Miłosz Wujek",International Journal of Psychoanalysis ,101,4,649-666,10.1080/00207578.2020.1772077,ART,3,metapsychology,documentInfoXML/artkwds,1,data\raw_pep_metadata\ijpa\2020\ijpa_IJP_2020_art_id_IJP._AND_year_2020.json
ijpa,International Journal of Psychoanalysis,IJP,2020,IJP.101.0649A,IJP,2020,Priority of the other: Psychosis through the lens of Laplanche’s general theory of seduction,"Antoni Grzybowski,  Dariusz Grabowski and  Miłosz Wujek",International Journal of Psychoanalysis ,101,4,649-666,10.1080/00207578.2020.1772077,ART,4,psychosis,documentInfoXML/artkwds,1,data\raw_pep_metadata\ijpa\2020\ijpa_IJP_2020_art_id_IJP._AND_year_2020.json
ijpa,International Journal of Psychoanalysis,IJP,2020,IJP.101.0649A,IJP,2020,Priority of the other: Psychosis through the lens of Laplanche’s general theory of seduction,"Antoni Grzybowski,  Dariusz Grabowski and  Miłosz Wujek",International Journal of Psychoanalysis ,101,4,649-666,10.1080/00207578.2020.1772077,ART,5,psychotherapy of psychosis,documentInfoXML/artkwds,1,data\raw_pep_metadata\ijpa\2020\ijpa_IJP_2020_art_id_IJP._AND_year_2020.json
ijpa,International Journal of Psychoanalysis,IJP,2020,IJP.101.0667A,IJP,2020,Confusion of tongues: Chinese/English/German psychoanalytic dialogues,"Yikun Wu,  Nathan Szajnberg and  Edward Kenny",International Journal of Psychoanalysis ,101,4,667-684,10.1080/00207578.2020.1772076,ART,1,Clinical,documentInfoXML/artkwds,1,data\raw_pep_metadata\ijpa\2020\ijpa_IJP_2020_art_id_IJP._AND_year_2020.json
ijpa,International Journal of Psychoanalysis,IJP,2020,IJP.101.0667A,IJP,2020,Confusion of tongues: Chinese/English/German psychoanalytic dialogues,"Yikun Wu,  Nathan Szajnberg and  Edward Kenny",International Journal of Psychoanalysis ,101,4,667-684,10.1080/00207578.2020.1772076,ART,2,cross-cultural,documentInfoXML/artkwds,1,data\raw_pep_metadata\ijpa\2020\ijpa_IJP_2020_art_id_IJP._AND_year_2020.json
ijpa,International Journal of Psychoanalysis,IJP,2020,IJP.101.0667A,IJP,2020,Confusion of tongues: Chinese/English/German psychoanalytic dialogues,"Yikun Wu,  Nathan Szajnberg and  Edward Kenny",International Journal of Psychoanalysis ,101,4,667-684,10.1080/00207578.2020.1772076,ART,3,translation,documentInfoXML/artkwds,1,data\raw_pep_metadata\ijpa\2020\ijpa_IJP_2020_art_id_IJP._AND_year_2020.json
ijpa,International Journal of Psychoanalysis,IJP,2020,IJP.101.0757A,IJP,2020,Developments on the concept of the super-ego in Bion’s work,João Carlos Braga,International Journal of Psychoanalysis ,101,4,757-768,10.1080/00207578.2020.1780733,ART,1,Archaic superego,documentInfoXML/artkwds,1,data\raw_pep_metadata\ijpa\2020\ijpa_IJP_2020_art_id_IJP._AND_year_2020.json
ijpa,International Journal of Psychoanalysis,IJP,2020,IJP.101.0757A,IJP,2020,Developments on the concept of the super-ego in Bion’s work,João Carlos Braga,International Journal of Psychoanalysis ,101,4,757-768,10.1080/00207578.2020.1780733,ART,2,conscience,documentInfoXML/artkwds,1,data\raw_pep_metadata\ijpa\2020\ijpa_IJP_2020_art_id_IJP._AND_year_2020.json
ijpa,International Journal of Psychoanalysis,IJP,2020,IJP.101.0757A,IJP,2020,Developments on the concept of the super-ego in Bion’s work,João Carlos Braga,International Journal of Psychoanalysis ,101,4,757-768,10.1080/00207578.2020.1780733,ART,3,moral system,documentInfoXML/artkwds,1,data\raw_pep_metadata\ijpa\2020\ijpa_IJP_2020_art_id_IJP._AND_year_2020.json
ijpa,International Journal of Psychoanalysis,IJP,2020,IJP.101.0735A,IJP,2020,The perverse and the psychotic superego,Franco De Masi,International Journal of Psychoanalysis ,101,4,735-739,10.1080/00207578.2020.1779454,ART,1,Primitive superego,documentInfoXML/artkwds,1,data\raw_pep_metadata\ijpa\2020\ijpa_IJP_2020_art_id_IJP._AND_year_2020.json
ijpa,International Journal of Psychoanalysis,IJP,2020,IJP.101.0735A,IJP,2020,The perverse and the psychotic superego,Franco De Masi,International Journal of Psychoanalysis ,101,4,735-739,10.1080/00207578.2020.1779454,ART,2,melancholia,documentInfoXML/artkwds,1,data\raw_pep_metadata\ijpa\2020\ijpa_IJP_2020_art_id_IJP._AND_year_2020.json
ijpa,International Journal of Psychoanalysis,IJP,2020,IJP.101.0735A,IJP,2020,The perverse and the psychotic superego,Franco De Masi,International Journal of Psychoanalysis ,101,4,735-739,10.1080/00207578.2020.1779454,ART,3,guilt,documentInfoXML/artkwds,1,data\raw_pep_metadata\ijpa\2020\ijpa_IJP_2020_art_id_IJP._AND_year_2020.json
ijpa,International Journal of Psychoanalysis,IJP,2020,IJP.101.0735A,IJP,2020,The perverse and the psychotic superego,Franco De Masi,International Journal of Psychoanalysis ,101,4,735-739,10.1080/00207578.2020.1779454,ART,4,destructive narcisism,documentInfoXML/artkwds,1,data\raw_pep_metadata\ijpa\2020\ijpa_IJP_2020_art_id_IJP._AND_year_2020.json
ijpa,International Journal of Psychoanalysis,IJP,2020,IJP.101.0735A,IJP,2020,The perverse and the psychotic superego,Franco De Masi,International Journal of Psychoanalysis ,101,4,735-739,10.1080/00207578.2020.1779454,ART,5,pathological organization,documentInfoXML/artkwds,1,data\raw_pep_metadata\ijpa\2020\ijpa_IJP_2020_art_id_IJP._AND_year_2020.json
ijpa,International Journal of Psychoanalysis,IJP,2020,IJP.101.0735A,IJP,2020,The perverse and the psychotic superego,Franco De Masi,International Journal of Psychoanalysis ,101,4,735-739,10.1080/00207578.2020.1779454,ART,6,psychosis,documentInfoXML/artkwds,1,data\raw_pep_metadata\ijpa\2020\ijpa_IJP_2020_art_id_IJP._AND_year_2020.json
ijpa,International Journal of Psychoanalysis,IJP,2020,IJP.101.0320A,IJP,2020,Psychoanalysis with adults inspired by parent–infant therapy: Reconstructing infantile trauma,Björn Salomonsson,International Journal of Psychoanalysis ,101,2,320-339,10.1080/00207578.2020.1726714,ART,1,Psychoanalytic technique,documentInfoXML/artkwds,1,data\raw_pep_metadata\ijpa\2020\ijpa_IJP_2020_art_id_IJP._AND_year_2020.json
ijpa,International Journal of Psychoanalysis,IJP,2020,IJP.101.0320A,IJP,2020,Psychoanalysis with adults inspired by parent–infant therapy: Reconstructing infantile trauma,Björn Salomonsson,International Journal of Psychoanalysis ,101,2,320-339,10.1080/00207578.2020.1726714,ART,2,depression,documentInfoXML/artkwds,1,data\raw_pep_metadata\ijpa\2020\ijpa_IJP_2020_art_id_IJP._AND_year_2020.json
ijpa,International Journal of Psychoanalysis,IJP,2020,IJP.101.0320A,IJP,2020,Psychoanalysis with adults inspired by parent–infant therapy: Reconstructing infantile trauma,Björn Salomonsson,International Journal of Psychoanalysis ,101,2,320-339,10.1080/00207578.2020.1726714,ART,3,postnatal depression,documentInfoXML/artkwds,1,data\raw_pep_metadata\ijpa\2020\ijpa_IJP_2020_art_id_IJP._AND_year_2020.json
ijpa,International Journal of Psychoanalysis,IJP,2020,IJP.101.0320A,IJP,2020,Psychoanalysis with adults inspired by parent–infant therapy: Reconstructing infantile trauma,Björn Salomonsson,International Journal of Psychoanalysis ,101,2,320-339,10.1080/00207578.2020.1726714,ART,4,parent-infant psychotherapy,documentInfoXML/artkwds,1,data\raw_pep_metadata\ijpa\2020\ijpa_IJP_2020_art_id_IJP._AND_year_2020.json
ijpa,International Journal of Psychoanalysis,IJP,2020,IJP.101.0320A,IJP,2020,Psychoanalysis with adults inspired by parent–infant therapy: Reconstructing infantile trauma,Björn Salomonsson,International Journal of Psychoanalysis ,101,2,320-339,10.1080/00207578.2020.1726714,ART,5,reconstruction,documentInfoXML/artkwds,1,data\raw_pep_metadata\ijpa\2020\ijpa_IJP_2020_art_id_IJP._AND_year_2020.json
ijpa,International Journal of Psychoanalysis,IJP,2020,IJP.101.0992A,IJP,2020,The working of values in ethics and religion,David M. Black,International Journal of Psychoanalysis ,101,5,992-1013,10.1080/00207578.2020.1776618,ART,1,Ethics,documentInfoXML/artkwds,1,data\raw_pep_metadata\ijpa\2020\ijpa_IJP_2020_art_id_IJP._AND_year_2020.json
ijpa,International Journal of Psychoanalysis,IJP,2020,IJP.101.0992A,IJP,2020,The working of values in ethics and religion,David M. Black,International Journal of Psychoanalysis ,101,5,992-1013,10.1080/00207578.2020.1776618,ART,2,internal objects,documentInfoXML/artkwds,1,data\raw_pep_metadata\ijpa\2020\ijpa_IJP_2020_art_id_IJP._AND_year_2020.json
ijpa,International Journal of Psychoanalysis,IJP,2020,IJP.101.0992A,IJP,2020,The working of values in ethics and religion,David M. Black,International Journal of Psychoanalysis ,101,5,992-1013,10.1080/00207578.2020.1776618,ART,3,allegorical objects,documentInfoXML/artkwds,1,data\raw_pep_metadata\ijpa\2020\ijpa_IJP_2020_art_id_IJP._AND_year_2020.json
ijpa,International Journal of Psychoanalysis,IJP,2020,IJP.101.0992A,IJP,2020,The working of values in ethics and religion,David M. Black,International Journal of Psychoanalysis ,101,5,992-1013,10.1080/00207578.2020.1776618,ART,4,Loewald,documentInfoXML/artkwds,1,data\raw_pep_metadata\ijpa\2020\ijpa_IJP_2020_art_id_IJP._AND_year_2020.json
ijpa,International Journal of Psychoanalysis,IJP,2020,IJP.101.0992A,IJP,2020,The working of values in ethics and religion,David M. Black,International Journal of Psychoanalysis ,101,5,992-1013,10.1080/00207578.2020.1776618,ART,5,Levinas,documentInfoXML/artkwds,1,data\raw_pep_metadata\ijpa\2020\ijpa_IJP_2020_art_id_IJP._AND_year_2020.json
ijpa,International Journal of Psychoanalysis,IJP,2020,IJP.101.0992A,IJP,2020,The working of values in ethics and religion,David M. Black,International Journal of Psychoanalysis ,101,5,992-1013,10.1080/00207578.2020.1776618,ART,6,Dante,documentInfoXML/artkwds,1,data\raw_pep_metadata\ijpa\2020\ijpa_IJP_2020_art_id_IJP._AND_year_2020.json
ijpa,International Journal of Psychoanalysis,IJP,2020,IJP.101.0523A,IJP,2020,"Sex, subtext, ur-text: Freud, Dora and the suggestive text",Adele Tutter,International Journal of Psychoanalysis ,101,3,523-548,10.1080/00207578.2020.1726712,ART,1,Intertextuality,documentInfoXML/artkwds,1,data\raw_pep_metadata\ijpa\2020\ijpa_IJP_2020_art_id_IJP._AND_year_2020.json
ijpa,International Journal of Psychoanalysis,IJP,2020,IJP.101.0523A,IJP,2020,"Sex, subtext, ur-text: Freud, Dora and the suggestive text",Adele Tutter,International Journal of Psychoanalysis ,101,3,523-548,10.1080/00207578.2020.1726712,ART,2,suggestion,documentInfoXML/artkwds,1,data\raw_pep_metadata\ijpa\2020\ijpa_IJP_2020_art_id_IJP._AND_year_2020.json
ijpa,International Journal of Psychoanalysis,IJP,2020,IJP.101.0523A,IJP,2020,"Sex, subtext, ur-text: Freud, Dora and the suggestive text",Adele Tutter,International Journal of Psychoanalysis ,101,3,523-548,10.1080/00207578.2020.1726712,ART,3,Sigmund Freud,documentInfoXML/artkwds,1,data\raw_pep_metadata\ijpa\2020\ijpa_IJP_2020_art_id_IJP._AND_year_2020.json
ijpa,International Journal of Psychoanalysis,IJP,2020,IJP.101.0523A,IJP,2020,"Sex, subtext, ur-text: Freud, Dora and the suggestive text",Adele Tutter,International Journal of Psychoanalysis ,101,3,523-548,10.1080/00207578.2020.1726712,ART,4,Miguel Cervantes,documentInfoXML/artkwds,1,data\raw_pep_metadata\ijpa\2020\ijpa_IJP_2020_art_id_IJP._AND_year_2020.json
ijpa,International Journal of Psychoanalysis,IJP,2020,IJP.101.0523A,IJP,2020,"Sex, subtext, ur-text: Freud, Dora and the suggestive text",Adele Tutter,International Journal of Psychoanalysis ,101,3,523-548,10.1080/00207578.2020.1726712,ART,5,Émile Zola,documentInfoXML/artkwds,1,data\raw_pep_metadata\ijpa\2020\ijpa_IJP_2020_art_id_IJP._AND_year_2020.json
ijpa,International Journal of Psychoanalysis,IJP,2020,IJP.101.0523A,IJP,2020,"Sex, subtext, ur-text: Freud, Dora and the suggestive text",Adele Tutter,International Journal of Psychoanalysis ,101,3,523-548,10.1080/00207578.2020.1726712,ART,6,Gustave Flaubert,documentInfoXML/artkwds,1,data\raw_pep_metadata\ijpa\2020\ijpa_IJP_2020_art_id_IJP._AND_year_2020.json
ijpa,International Journal of Psychoanalysis,IJP,2020,IJP.101.0300A,IJP,2020,Becoming a Training and Supervising Analyst: Interviews from the Columbia Postgraduate Analytic Practice Study,"Sabrina Cherry,  Gregory Mann and  Ruth Graver",International Journal of Psychoanalysis ,101,2,300-319,10.1080/00207578.2019.1696656,ART,1,Research,documentInfoXML/artkwds,1,data\raw_pep_metadata\ijpa\2020\ijpa_IJP_2020_art_id_IJP._AND_year_2020.json
ijpa,International Journal of Psychoanalysis,IJP,2020,IJP.101.0300A,IJP,2020,Becoming a Training and Supervising Analyst: Interviews from the Columbia Postgraduate Analytic Practice Study,"Sabrina Cherry,  Gregory Mann and  Ruth Graver",International Journal of Psychoanalysis ,101,2,300-319,10.1080/00207578.2019.1696656,ART,2,training,documentInfoXML/artkwds,1,data\raw_pep_metadata\ijpa\2020\ijpa_IJP_2020_art_id_IJP._AND_year_2020.json
ijpa,International Journal of Psychoanalysis,IJP,2020,IJP.101.0300A,IJP,2020,Becoming a Training and Supervising Analyst: Interviews from the Columbia Postgraduate Analytic Practice Study,"Sabrina Cherry,  Gregory Mann and  Ruth Graver",International Journal of Psychoanalysis ,101,2,300-319,10.1080/00207578.2019.1696656,ART,3,qualitative research,documentInfoXML/artkwds,1,data\raw_pep_metadata\ijpa\2020\ijpa_IJP_2020_art_id_IJP._AND_year_2020.json
ijpa,International Journal of Psychoanalysis,IJP,2020,IJP.101.0300A,IJP,2020,Becoming a Training and Supervising Analyst: Interviews from the Columbia Postgraduate Analytic Practice Study,"Sabrina Cherry,  Gregory Mann and  Ruth Graver",International Journal of Psychoanalysis ,101,2,300-319,10.1080/00207578.2019.1696656,ART,4,empirical research,documentInfoXML/artkwds,1,data\raw_pep_metadata\ijpa\2020\ijpa_IJP_2020_art_id_IJP._AND_year_2020.json
ijpa,International Journal of Psychoanalysis,IJP,2020,IJP.101.0300A,IJP,2020,Becoming a Training and Supervising Analyst: Interviews from the Columbia Postgraduate Analytic Practice Study,"Sabrina Cherry,  Gregory Mann and  Ruth Graver",International Journal of Psychoanalysis ,101,2,300-319,10.1080/00207578.2019.1696656,ART,5,teaching,documentInfoXML/artkwds,1,data\raw_pep_metadata\ijpa\2020\ijpa_IJP_2020_art_id_IJP._AND_year_2020.json
ijpa,International Journal of Psychoanalysis,IJP,2020,IJP.101A.R0001A,IJP,2020,Learning from Don Quixote,John Steiner,International Journal of Psychoanalysis ,101,1,1-12,10.1080/00207578.2019.1696657,ART,1,Narcissism,documentInfoXML/artkwds,1,data\raw_pep_metadata\ijpa\2020\ijpa_IJP_2020_art_id_IJP._AND_year_2020.json
ijpa,International Journal of Psychoanalysis,IJP,2020,IJP.101A.R0001A,IJP,2020,Learning from Don Quixote,John Steiner,International Journal of Psychoanalysis ,101,1,1-12,10.1080/00207578.2019.1696657,ART,2,illusion,documentInfoXML/artkwds,1,data\raw_pep_metadata\ijpa\2020\ijpa_IJP_2020_art_id_IJP._AND_year_2020.json
ijpa,International Journal of Psychoanalysis,IJP,2020,IJP.101A.R0001A,IJP,2020,Learning from Don Quixote,John Steiner,International Journal of Psychoanalysis ,101,1,1-12,10.1080/00207578.2019.1696657,ART,3,phantasy and reality,documentInfoXML/artkwds,1,data\raw_pep_metadata\ijpa\2020\ijpa_IJP_2020_art_id_IJP._AND_year_2020.json
ijpa,International Journal of Psychoanalysis,IJP,2020,IJP.101A.R0001A,IJP,2020,Learning from Don Quixote,John Steiner,International Journal of Psychoanalysis ,101,1,1-12,10.1080/00207578.2019.1696657,ART,4,literatture,documentInfoXML/artkwds,1,data\raw_pep_metadata\ijpa\2020\ijpa_IJP_2020_art_id_IJP._AND_year_2020.json
ijpa,International Journal of Psychoanalysis,IJP,2020,IJP.101.0064A,IJP,2020,"The otherness of sexuality: Exploring the conflicted nature of drive, desire and object choice",Siri Erika Gullestad,International Journal of Psychoanalysis ,101,1,64-83,10.1080/00207578.2019.1686390,ART,1,Psychosexuality,documentInfoXML/artkwds,1,data\raw_pep_metadata\ijpa\2020\ijpa_IJP_2020_art_id_IJP._AND_year_2020.json
ijpa,International Journal of Psychoanalysis,IJP,2020,IJP.101.0064A,IJP,2020,"The otherness of sexuality: Exploring the conflicted nature of drive, desire and object choice",Siri Erika Gullestad,International Journal of Psychoanalysis ,101,1,64-83,10.1080/00207578.2019.1686390,ART,2,drive,documentInfoXML/artkwds,1,data\raw_pep_metadata\ijpa\2020\ijpa_IJP_2020_art_id_IJP._AND_year_2020.json
ijpa,International Journal of Psychoanalysis,IJP,2020,IJP.101.0064A,IJP,2020,"The otherness of sexuality: Exploring the conflicted nature of drive, desire and object choice",Siri Erika Gullestad,International Journal of Psychoanalysis ,101,1,64-83,10.1080/00207578.2019.1686390,ART,3,desire,documentInfoXML/artkwds,1,data\raw_pep_metadata\ijpa\2020\ijpa_IJP_2020_art_id_IJP._AND_year_2020.json
ijpa,International Journal of Psychoanalysis,IJP,2020,IJP.101.0064A,IJP,2020,"The otherness of sexuality: Exploring the conflicted nature of drive, desire and object choice",Siri Erika Gullestad,International Journal of Psychoanalysis ,101,1,64-83,10.1080/00207578.2019.1686390,ART,4,otherness,documentInfoXML/artkwds,1,data\raw_pep_metadata\ijpa\2020\ijpa_IJP_2020_art_id_IJP._AND_year_2020.json
ijpa,International Journal of Psychoanalysis,IJP,2020,IJP.101.0064A,IJP,2020,"The otherness of sexuality: Exploring the conflicted nature of drive, desire and object choice",Siri Erika Gullestad,International Journal of Psychoanalysis ,101,1,64-83,10.1080/00207578.2019.1686390,ART,5,love psychology,documentInfoXML/artkwds,1,data\raw_pep_metadata\ijpa\2020\ijpa_IJP_2020_art_id_IJP._AND_year_2020.json
