rank_within_group,journal_key,term,term_col,n_docs_group,n_docs_rest,group_doc_count,rest_doc_count,group_doc_pct,rest_doc_pct,pct_point_lift,ratio_lift,keyness_score,term_norm_for_refinement,refined_audit_category,refined_audit_reason,include_in_refined_semantic_review,refinement_source_table,manual_override,manual_override_note,term_norm_final_cleanup,final_cleanup_category,final_cleanup_reason,include_in_final_semantic_review,final_cleanup_source_table
1,ijpa,freud,terms_unigram,5423,6741,1502,848,27.6968,12.5797,15.1171,2.2011,110.584967,freud,candidate_concept,protected_theoretical_name,True,key_terms_by_journal,,,freud,final_keep,kept_after_final_cleanup,True,key_terms_by_journal
3,ijpa,accepted,terms_unigram,5423,6741,762,137,14.0513,2.0323,12.0189,6.893,79.772698,accepted,candidate_concept,kept_for_semantic_review,True,key_terms_by_journal,,,accepted,final_keep,kept_after_final_cleanup,True,key_terms_by_journal
6,ijpa,any,terms_unigram,5423,6741,961,498,17.7208,7.3876,10.3332,2.3975,70.978837,any,candidate_concept,kept_for_semantic_review,True,key_terms_by_journal,,,any,final_keep,kept_after_final_cleanup,True,key_terms_by_journal
7,ijpa,psycho-analysis,terms_unigram,5423,6741,608,24,11.2115,0.356,10.8555,30.8719,69.603341,psycho-analysis,candidate_concept,kept_for_semantic_review,True,key_terms_by_journal,,,psycho-analysis,final_keep,kept_after_final_cleanup,True,key_terms_by_journal
10,ijpa,freud's,terms_unigram,5423,6741,1035,681,19.0854,10.1024,8.983,1.8887,62.370196,freud's,candidate_concept,kept_for_semantic_review,True,key_terms_by_journal,,,freud's,final_keep,kept_after_final_cleanup,True,key_terms_by_journal
12,ijpa,fact,terms_unigram,5423,6741,750,343,13.83,5.0883,8.7417,2.7158,57.882458,fact,candidate_concept,kept_for_semantic_review,True,key_terms_by_journal,,,fact,final_keep,kept_after_final_cleanup,True,key_terms_by_journal
13,ijpa,ego,terms_unigram,5423,6741,935,595,17.2414,8.8266,8.4148,1.9527,57.570797,ego,candidate_concept,kept_for_semantic_review,True,key_terms_by_journal,,,ego,final_keep,protected_psychoanalytic_term,True,key_terms_by_journal
14,ijpa,unconscious,terms_unigram,5423,6741,1146,883,21.1322,13.0989,8.0333,1.613,56.59361,unconscious,candidate_concept,kept_for_semantic_review,True,key_terms_by_journal,,,unconscious,final_keep,protected_psychoanalytic_term,True,key_terms_by_journal
17,ijpa,psycho-analytic,terms_unigram,5423,6741,486,14,8.9618,0.2077,8.7541,41.7046,54.172961,psycho-analytic,candidate_concept,kept_for_semantic_review,True,key_terms_by_journal,,,psycho-analytic,final_keep,kept_after_final_cleanup,True,key_terms_by_journal
22,ijpa,final,terms_unigram,5423,6741,524,112,9.6625,1.6615,8.0011,5.7951,50.113912,final,candidate_concept,kept_for_semantic_review,True,key_terms_by_journal,,,final,final_keep,kept_after_final_cleanup,True,key_terms_by_journal
25,ijpa,psychic,terms_unigram,5423,6741,886,629,16.3378,9.331,7.0069,1.7505,47.561484,psychic,candidate_concept,kept_for_semantic_review,True,key_terms_by_journal,,,psychic,final_keep,kept_after_final_cleanup,True,key_terms_by_journal
27,ijpa,object,terms_unigram,5423,6741,1039,839,19.1591,12.4462,6.7129,1.5391,46.634441,object,candidate_concept,kept_for_semantic_review,True,key_terms_by_journal,,,object,final_keep,protected_psychoanalytic_term,True,key_terms_by_journal
29,ijpa,behaviour,terms_unigram,5423,6741,428,39,7.8923,0.5785,7.3138,13.4841,44.332049,behaviour,candidate_concept,kept_for_semantic_review,True,key_terms_by_journal,,,behaviour,final_keep,kept_after_final_cleanup,True,key_terms_by_journal
32,ijpa,situation,terms_unigram,5423,6741,707,444,13.0371,6.5866,6.4505,1.9784,42.331075,situation,candidate_concept,kept_for_semantic_review,True,key_terms_by_journal,,,situation,final_keep,kept_after_final_cleanup,True,key_terms_by_journal
34,ijpa,psycho-analytical,terms_unigram,5423,6741,393,15,7.2469,0.2225,7.0244,31.556,41.980234,psycho-analytical,candidate_concept,kept_for_semantic_review,True,key_terms_by_journal,,,psycho-analytical,final_keep,kept_after_final_cleanup,True,key_terms_by_journal
36,ijpa,shall,terms_unigram,5423,6741,452,108,8.3349,1.6021,6.7327,5.1839,41.176674,shall,candidate_concept,kept_for_semantic_review,True,key_terms_by_journal,,,shall,final_keep,kept_after_final_cleanup,True,key_terms_by_journal
37,ijpa,man,terms_unigram,5423,6741,549,258,10.1235,3.8273,6.2962,2.6423,39.72865,man,candidate_concept,kept_for_semantic_review,True,key_terms_by_journal,,,man,final_keep,kept_after_final_cleanup,True,key_terms_by_journal
40,ijpa,mother,terms_unigram,5423,6741,641,388,11.82,5.7558,6.0642,2.0525,39.202577,mother,candidate_concept,kept_for_semantic_review,True,key_terms_by_journal,,,mother,final_keep,protected_psychoanalytic_term,True,key_terms_by_journal
41,ijpa,reality,terms_unigram,5423,6741,704,487,12.9817,7.2244,5.7573,1.7963,37.757493,reality,candidate_concept,kept_for_semantic_review,True,key_terms_by_journal,,,reality,final_keep,protected_psychoanalytic_term,True,key_terms_by_journal
42,ijpa,defence,terms_unigram,5423,6741,381,46,7.0256,0.6824,6.3432,10.1979,37.713231,defence,candidate_concept,kept_for_semantic_review,True,key_terms_by_journal,,,defence,final_keep,protected_psychoanalytic_term,True,key_terms_by_journal
44,ijpa,great,terms_unigram,5423,6741,532,278,9.8101,4.124,5.6861,2.3766,35.699993,great,candidate_concept,kept_for_semantic_review,True,key_terms_by_journal,,,great,final_keep,kept_after_final_cleanup,True,key_terms_by_journal
45,ijpa,order,terms_unigram,5423,6741,629,414,11.5987,6.1415,5.4572,1.8877,35.175737,order,candidate_concept,kept_for_semantic_review,True,key_terms_by_journal,,,order,final_keep,kept_after_final_cleanup,True,key_terms_by_journal
46,ijpa,version,terms_unigram,5423,6741,443,162,8.1689,2.4032,5.7657,3.3924,35.146732,version,candidate_concept,kept_for_semantic_review,True,key_terms_by_journal,,,version,final_keep,kept_after_final_cleanup,True,key_terms_by_journal
47,ijpa,course,terms_unigram,5423,6741,634,421,11.6909,6.2454,5.4456,1.8711,35.143743,course,candidate_concept,kept_for_semantic_review,True,key_terms_by_journal,,,course,final_keep,kept_after_final_cleanup,True,key_terms_by_journal
48,ijpa,transference,terms_unigram,5423,6741,847,705,15.6187,10.4584,5.1603,1.4932,34.7951,transference,candidate_concept,kept_for_semantic_review,True,key_terms_by_journal,,,transference,final_keep,protected_psychoanalytic_term,True,key_terms_by_journal
49,ijpa,interpretation,terms_unigram,5423,6741,572,344,10.5477,5.1031,5.4446,2.0656,34.577822,interpretation,candidate_concept,kept_for_semantic_review,True,key_terms_by_journal,,,interpretation,final_keep,protected_psychoanalytic_term,True,key_terms_by_journal
51,ijpa,here,terms_unigram,5423,6741,658,470,12.1335,6.9723,5.1612,1.7397,33.500222,here,candidate_concept,kept_for_semantic_review,True,key_terms_by_journal,,,here,final_keep,kept_after_final_cleanup,True,key_terms_by_journal
52,ijpa,means,terms_unigram,5423,6741,531,303,9.7916,4.4949,5.2967,2.1768,33.245787,means,candidate_concept,kept_for_semantic_review,True,key_terms_by_journal,,,means,final_keep,kept_after_final_cleanup,True,key_terms_by_journal
53,ijpa,far,terms_unigram,5423,6741,456,207,8.4086,3.0708,5.3379,2.7346,32.692757,far,candidate_concept,kept_for_semantic_review,True,key_terms_by_journal,,,far,final_keep,kept_after_final_cleanup,True,key_terms_by_journal
55,ijpa,cannot,terms_unigram,5423,6741,494,261,9.1093,3.8718,5.2375,2.3505,32.496495,cannot,candidate_concept,kept_for_semantic_review,True,key_terms_by_journal,,,cannot,final_keep,kept_after_final_cleanup,True,key_terms_by_journal
56,ijpa,come,terms_unigram,5423,6741,530,311,9.7732,4.6136,5.1596,2.1169,32.375447,come,candidate_concept,kept_for_semantic_review,True,key_terms_by_journal,,,come,final_keep,kept_after_final_cleanup,True,key_terms_by_journal
57,ijpa,whole,terms_unigram,5423,6741,413,154,7.6157,2.2845,5.3312,3.3267,32.124996,whole,candidate_concept,kept_for_semantic_review,True,key_terms_by_journal,,,whole,final_keep,kept_after_final_cleanup,True,key_terms_by_journal
58,ijpa,external,terms_unigram,5423,6741,479,247,8.8327,3.6641,5.1686,2.4081,31.909859,external,candidate_concept,kept_for_semantic_review,True,key_terms_by_journal,,,external,final_keep,protected_psychoanalytic_term,True,key_terms_by_journal
59,ijpa,give,terms_unigram,5423,6741,444,203,8.1874,3.0114,5.1759,2.715,31.563191,give,candidate_concept,kept_for_semantic_review,True,key_terms_by_journal,,,give,final_keep,kept_after_final_cleanup,True,key_terms_by_journal
60,ijpa,thought,terms_unigram,5423,6741,679,518,12.5207,7.6843,4.8364,1.629,31.543614,thought,candidate_concept,kept_for_semantic_review,True,key_terms_by_journal,,,thought,final_keep,kept_after_final_cleanup,True,key_terms_by_journal
62,ijpa,objects,terms_unigram,5423,6741,477,253,8.7959,3.7532,5.0427,2.3413,31.111602,objects,candidate_concept,kept_for_semantic_review,True,key_terms_by_journal,,,objects,final_keep,protected_psychoanalytic_term,True,key_terms_by_journal
63,ijpa,world,terms_unigram,5423,6741,801,684,14.7704,10.1469,4.6236,1.4555,30.918246,world,candidate_concept,kept_for_semantic_review,True,key_terms_by_journal,,,world,final_keep,kept_after_final_cleanup,True,key_terms_by_journal
64,ijpa,early,terms_unigram,5423,6741,944,876,17.4073,12.9951,4.4122,1.3394,30.229035,early,candidate_concept,kept_for_semantic_review,True,key_terms_by_journal,,,early,final_keep,protected_psychoanalytic_term,True,key_terms_by_journal
66,ijpa,able,terms_unigram,5423,6741,484,275,8.9249,4.0795,4.8454,2.186,29.964897,able,candidate_concept,kept_for_semantic_review,True,key_terms_by_journal,,,able,final_keep,kept_after_final_cleanup,True,key_terms_by_journal
67,ijpa,against,terms_unigram,5423,6741,629,470,11.5987,6.9723,4.6265,1.663,29.821037,against,candidate_concept,kept_for_semantic_review,True,key_terms_by_journal,,,against,final_keep,kept_after_final_cleanup,True,key_terms_by_journal
69,ijpa,nature,terms_unigram,5423,6741,755,639,13.9222,9.4793,4.4429,1.4685,29.447576,nature,candidate_concept,kept_for_semantic_review,True,key_terms_by_journal,,,nature,final_keep,kept_after_final_cleanup,True,key_terms_by_journal
71,ijpa,congress,terms_unigram,5423,6741,297,24,5.4767,0.356,5.1206,15.0935,29.172783,congress,candidate_concept,kept_for_semantic_review,True,key_terms_by_journal,,,congress,final_keep,kept_after_final_cleanup,True,key_terms_by_journal
73,ijpa,say,terms_unigram,5423,6741,424,212,7.8186,3.1449,4.6736,2.4831,28.285145,say,candidate_concept,kept_for_semantic_review,True,key_terms_by_journal,,,say,final_keep,kept_after_final_cleanup,True,key_terms_by_journal
75,ijpa,seems,terms_unigram,5423,6741,464,270,8.5561,4.0053,4.5508,2.1345,27.951241,seems,candidate_concept,kept_for_semantic_review,True,key_terms_by_journal,,,seems,final_keep,kept_after_final_cleanup,True,key_terms_by_journal
76,ijpa,contact,terms_unigram,5423,6741,432,228,7.9661,3.3823,4.5838,2.3527,27.826944,contact,candidate_concept,kept_for_semantic_review,True,key_terms_by_journal,,,contact,final_keep,kept_after_final_cleanup,True,key_terms_by_journal
77,ijpa,character,terms_unigram,5423,6741,447,249,8.2427,3.6938,4.5489,2.2294,27.769826,character,candidate_concept,kept_for_semantic_review,True,key_terms_by_journal,,,character,final_keep,kept_after_final_cleanup,True,key_terms_by_journal
78,ijpa,mind,terms_unigram,5423,6741,772,680,14.2357,10.0875,4.1481,1.411,27.586281,mind,candidate_concept,kept_for_semantic_review,True,key_terms_by_journal,,,mind,final_keep,protected_psychoanalytic_term,True,key_terms_by_journal
79,ijpa,already,terms_unigram,5423,6741,363,137,6.6937,2.0323,4.6614,3.286,27.488831,already,candidate_concept,kept_for_semantic_review,True,key_terms_by_journal,,,already,final_keep,kept_after_final_cleanup,True,key_terms_by_journal
81,ijpa,little,terms_unigram,5423,6741,482,309,8.8881,4.5839,4.3042,1.9378,26.599902,little,candidate_concept,kept_for_semantic_review,True,key_terms_by_journal,,,little,final_keep,kept_after_final_cleanup,True,key_terms_by_journal
82,ijpa,knowledge,terms_unigram,5423,6741,520,360,9.5888,5.3405,4.2483,1.7947,26.576519,knowledge,candidate_concept,kept_for_semantic_review,True,key_terms_by_journal,,,knowledge,final_keep,kept_after_final_cleanup,True,key_terms_by_journal
84,ijpa,anxiety,terms_unigram,5423,6741,546,396,10.0682,5.8745,4.1937,1.7132,26.439147,anxiety,candidate_concept,kept_for_semantic_review,True,key_terms_by_journal,,,anxiety,final_keep,protected_psychoanalytic_term,True,key_terms_by_journal
85,ijpa,every,terms_unigram,5423,6741,394,192,7.2654,2.8482,4.4171,2.5473,26.409391,every,candidate_concept,kept_for_semantic_review,True,key_terms_by_journal,,,every,final_keep,kept_after_final_cleanup,True,key_terms_by_journal
87,ijpa,infantile,terms_unigram,5423,6741,364,157,6.7122,2.329,4.3831,2.8766,25.859962,infantile,candidate_concept,kept_for_semantic_review,True,key_terms_by_journal,,,infantile,final_keep,kept_after_final_cleanup,True,key_terms_by_journal
88,ijpa,attention,terms_unigram,5423,6741,603,480,11.1193,7.1206,3.9987,1.5612,25.605981,attention,candidate_concept,kept_for_semantic_review,True,key_terms_by_journal,,,attention,final_keep,kept_after_final_cleanup,True,key_terms_by_journal
89,ijpa,like,terms_unigram,5423,6741,702,610,12.9449,9.0491,3.8958,1.4303,25.53811,like,candidate_concept,kept_for_semantic_review,True,key_terms_by_journal,,,like,final_keep,kept_after_final_cleanup,True,key_terms_by_journal
90,ijpa,function,terms_unigram,5423,6741,589,464,10.8611,6.8833,3.9779,1.5775,25.379459,function,candidate_concept,kept_for_semantic_review,True,key_terms_by_journal,,,function,final_keep,kept_after_final_cleanup,True,key_terms_by_journal
91,ijpa,neurosis,terms_unigram,5423,6741,349,142,6.4356,2.1065,4.329,3.0486,25.359226,neurosis,candidate_concept,kept_for_semantic_review,True,key_terms_by_journal,,,neurosis,final_keep,kept_after_final_cleanup,True,key_terms_by_journal
92,ijpa,hand,terms_unigram,5423,6741,371,173,6.8412,2.5664,4.2748,2.6615,25.302366,hand,candidate_concept,kept_for_semantic_review,True,key_terms_by_journal,,,hand,final_keep,kept_after_final_cleanup,True,key_terms_by_journal
94,ijpa,wish,terms_unigram,5423,6741,387,202,7.1363,2.9966,4.1397,2.3786,24.676675,wish,candidate_concept,kept_for_semantic_review,True,key_terms_by_journal,,,wish,final_keep,kept_after_final_cleanup,True,key_terms_by_journal
95,ijpa,attempt,terms_unigram,5423,6741,540,410,9.9576,6.0822,3.8754,1.6366,24.389545,attempt,candidate_concept,kept_for_semantic_review,True,key_terms_by_journal,,,attempt,final_keep,kept_after_final_cleanup,True,key_terms_by_journal
97,ijpa,though,terms_unigram,5423,6741,431,271,7.9476,4.0202,3.9275,1.9755,23.833471,though,candidate_concept,kept_for_semantic_review,True,key_terms_by_journal,,,though,final_keep,kept_after_final_cleanup,True,key_terms_by_journal
100,ijpa,quite,terms_unigram,5423,6741,347,159,6.3987,2.3587,4.04,2.7081,23.642733,quite,candidate_concept,kept_for_semantic_review,True,key_terms_by_journal,,,quite,final_keep,kept_after_final_cleanup,True,key_terms_by_journal
1,japa,american,terms_unigram,2924,9240,482,509,16.4843,5.5087,10.9756,2.9919,67.829453,american,candidate_concept,kept_for_semantic_review,True,key_terms_by_journal,,,american,final_keep,kept_after_final_cleanup,True,key_terms_by_journal
2,japa,submitted,terms_unigram,2924,9240,355,68,12.1409,0.7359,11.405,16.3962,67.003421,submitted,candidate_concept,kept_for_semantic_review,True,key_terms_by_journal,,,submitted,final_keep,kept_after_final_cleanup,True,key_terms_by_journal
6,japa,psychiatry,terms_unigram,2924,9240,432,549,14.7743,5.9416,8.8327,2.4866,53.621147,psychiatry,candidate_concept,kept_for_semantic_review,True,key_terms_by_journal,,,psychiatry,final_keep,kept_after_final_cleanup,True,key_terms_by_journal
8,japa,fax,terms_unigram,2924,9240,249,8,8.5157,0.0866,8.4292,92.7352,46.541232,fax,candidate_concept,kept_for_semantic_review,True,key_terms_by_journal,,,fax,final_keep,kept_after_final_cleanup,True,key_terms_by_journal
10,japa,training,terms_unigram,2924,9240,486,1002,16.6211,10.8442,5.7769,1.5332,35.749052,training,candidate_concept,kept_for_semantic_review,True,key_terms_by_journal,,,training,final_keep,kept_after_final_cleanup,True,key_terms_by_journal
11,japa,behavior,terms_unigram,2924,9240,225,181,7.6949,1.9589,5.7361,3.9252,31.092536,behavior,candidate_concept,kept_for_semantic_review,True,key_terms_by_journal,,,behavior,final_keep,kept_after_final_cleanup,True,key_terms_by_journal
12,japa,supervising,terms_unigram,2924,9240,278,381,9.5075,4.1234,5.3841,2.3063,30.319274,supervising,candidate_concept,kept_for_semantic_review,True,key_terms_by_journal,,,supervising,final_keep,kept_after_final_cleanup,True,key_terms_by_journal
14,japa,ego,terms_unigram,2924,9240,473,1057,16.1765,11.4394,4.7371,1.4146,29.186111,ego,candidate_concept,kept_for_semantic_review,True,key_terms_by_journal,,,ego,final_keep,protected_psychoanalytic_term,True,key_terms_by_journal
15,japa,defense,terms_unigram,2924,9240,196,131,6.7031,1.4177,5.2854,4.721,27.923832,defense,candidate_concept,kept_for_semantic_review,True,key_terms_by_journal,,,defense,final_keep,protected_psychoanalytic_term,True,key_terms_by_journal
16,japa,meeting,terms_unigram,2924,9240,229,270,7.8317,2.9221,4.9097,2.6805,26.699117,meeting,candidate_concept,kept_for_semantic_review,True,key_terms_by_journal,,,meeting,final_keep,kept_after_final_cleanup,True,key_terms_by_journal
18,japa,psychoanalysts,terms_unigram,2924,9240,283,522,9.6785,5.6494,4.0292,1.7142,22.760688,psychoanalysts,candidate_concept,kept_for_semantic_review,True,key_terms_by_journal,,,psychoanalysts,final_keep,kept_after_final_cleanup,True,key_terms_by_journal
19,japa,medical,terms_unigram,2924,9240,275,502,9.4049,5.4329,3.972,1.7321,22.324369,medical,candidate_concept,kept_for_semantic_review,True,key_terms_by_journal,,,medical,final_keep,kept_after_final_cleanup,True,key_terms_by_journal
21,japa,december,terms_unigram,2924,9240,153,95,5.2326,1.0281,4.2044,5.0781,21.177462,december,candidate_concept,kept_for_semantic_review,True,key_terms_by_journal,,,december,final_keep,kept_after_final_cleanup,True,key_terms_by_journal
25,japa,columbia,terms_unigram,2924,9240,141,127,4.8222,1.3745,3.4477,3.5062,17.086218,columbia,candidate_concept,kept_for_semantic_review,True,key_terms_by_journal,,,columbia,final_keep,kept_after_final_cleanup,True,key_terms_by_journal
26,japa,panel,terms_unigram,2924,9240,150,172,5.13,1.8615,3.2685,2.7564,16.398914,panel,candidate_concept,kept_for_semantic_review,True,key_terms_by_journal,,,panel,final_keep,kept_after_final_cleanup,True,key_terms_by_journal
27,japa,medicine,terms_unigram,2924,9240,177,267,6.0534,2.8896,3.1637,2.0964,16.393822,medicine,candidate_concept,kept_for_semantic_review,True,key_terms_by_journal,,,medicine,final_keep,kept_after_final_cleanup,True,key_terms_by_journal
28,japa,defenses,terms_unigram,2924,9240,126,89,4.3092,0.9632,3.346,4.4654,16.208466,defenses,candidate_concept,kept_for_semantic_review,True,key_terms_by_journal,,,defenses,final_keep,kept_after_final_cleanup,True,key_terms_by_journal
29,japa,fantasies,terms_unigram,2924,9240,204,366,6.9767,3.961,3.0157,1.7628,16.052629,fantasies,candidate_concept,kept_for_semantic_review,True,key_terms_by_journal,,,fantasies,final_keep,kept_after_final_cleanup,True,key_terms_by_journal
30,japa,conflicts,terms_unigram,2924,9240,225,438,7.6949,4.7403,2.9547,1.6247,16.015939,conflicts,candidate_concept,kept_for_semantic_review,True,key_terms_by_journal,,,conflicts,final_keep,kept_after_final_cleanup,True,key_terms_by_journal
32,japa,michigan,terms_unigram,2924,9240,122,108,4.1724,1.1688,3.0035,3.567,14.453566,michigan,candidate_concept,kept_for_semantic_review,True,key_terms_by_journal,,,michigan,final_keep,kept_after_final_cleanup,True,key_terms_by_journal
33,japa,aol,terms_unigram,2924,9240,177,302,6.0534,3.2684,2.785,1.8538,14.431025,aol,candidate_concept,kept_for_semantic_review,True,key_terms_by_journal,,,aol,final_keep,kept_after_final_cleanup,True,key_terms_by_journal
35,japa,park,terms_unigram,2924,9240,168,282,5.7456,3.0519,2.6936,1.8844,13.817926,park,candidate_concept,kept_for_semantic_review,True,key_terms_by_journal,,,park,final_keep,kept_after_final_cleanup,True,key_terms_by_journal
36,japa,japa,terms_unigram,2924,9240,89,10,3.0438,0.1082,2.9356,26.9294,13.209419,japa,candidate_concept,kept_for_semantic_review,True,key_terms_by_journal,,,japa,final_keep,kept_after_final_cleanup,True,key_terms_by_journal
38,japa,technique,terms_unigram,2924,9240,275,653,9.4049,7.0671,2.3378,1.3319,13.139515,technique,candidate_concept,kept_for_semantic_review,True,key_terms_by_journal,,,technique,final_keep,kept_after_final_cleanup,True,key_terms_by_journal
40,japa,early,terms_unigram,2924,9240,480,1340,16.4159,14.5022,1.9137,1.1325,11.818783,early,candidate_concept,kept_for_semantic_review,True,key_terms_by_journal,,,early,final_keep,protected_psychoanalytic_term,True,key_terms_by_journal
42,japa,plenary,terms_unigram,2924,9240,81,21,2.7702,0.2273,2.5429,11.976,11.205869,plenary,candidate_concept,kept_for_semantic_review,True,key_terms_by_journal,,,plenary,final_keep,kept_after_final_cleanup,True,key_terms_by_journal
43,japa,behavioral,terms_unigram,2924,9240,98,85,3.3516,0.9199,2.4317,3.6397,11.173768,behavioral,candidate_concept,kept_for_semantic_review,True,key_terms_by_journal,,,behavioral,final_keep,kept_after_final_cleanup,True,key_terms_by_journal
44,japa,drive,terms_unigram,2924,9240,212,478,7.2503,5.1732,2.0772,1.403,11.136379,drive,candidate_concept,kept_for_semantic_review,True,key_terms_by_journal,,,drive,final_keep,kept_after_final_cleanup,True,key_terms_by_journal
45,japa,fantasy,terms_unigram,2924,9240,186,400,6.3611,4.329,2.0321,1.4712,10.63037,fantasy,candidate_concept,kept_for_semantic_review,True,key_terms_by_journal,,,fantasy,final_keep,protected_psychoanalytic_term,True,key_terms_by_journal
48,japa,freud's,terms_unigram,2924,9240,448,1268,15.3215,13.7229,1.5985,1.117,9.762282,freud's,candidate_concept,kept_for_semantic_review,True,key_terms_by_journal,,,freud's,final_keep,kept_after_final_cleanup,True,key_terms_by_journal
49,japa,relatively,terms_unigram,2924,9240,121,199,4.1382,2.1537,1.9845,1.9241,9.533518,relatively,candidate_concept,kept_for_semantic_review,True,key_terms_by_journal,,,relatively,final_keep,kept_after_final_cleanup,True,key_terms_by_journal
51,japa,preoedipal,terms_unigram,2924,9240,74,35,2.5308,0.3788,2.152,6.6301,9.291199,preoedipal,candidate_concept,kept_for_semantic_review,True,key_terms_by_journal,,,preoedipal,final_keep,kept_after_final_cleanup,True,key_terms_by_journal
53,japa,regarding,terms_unigram,2924,9240,173,381,5.9166,4.1234,1.7932,1.4368,9.251094,regarding,candidate_concept,kept_for_semantic_review,True,key_terms_by_journal,,,regarding,final_keep,kept_after_final_cleanup,True,key_terms_by_journal
54,japa,publication,terms_unigram,2924,9240,190,439,6.4979,4.7511,1.7469,1.3694,9.175017,publication,candidate_concept,kept_for_semantic_review,True,key_terms_by_journal,,,publication,final_keep,kept_after_final_cleanup,True,key_terms_by_journal
55,japa,education,terms_unigram,2924,9240,129,237,4.4118,2.5649,1.8468,1.7227,8.989507,education,candidate_concept,kept_for_semantic_review,True,key_terms_by_journal,,,education,final_keep,kept_after_final_cleanup,True,key_terms_by_journal
57,japa,fall,terms_unigram,2924,9240,94,117,3.2148,1.2662,1.9485,2.5409,8.873414,fall,candidate_concept,kept_for_semantic_review,True,key_terms_by_journal,,,fall,final_keep,kept_after_final_cleanup,True,key_terms_by_journal
59,japa,january,terms_unigram,2924,9240,89,103,3.0438,1.1147,1.9291,2.732,8.68039,january,candidate_concept,kept_for_semantic_review,True,key_terms_by_journal,,,january,final_keep,kept_after_final_cleanup,True,key_terms_by_journal
60,japa,oedipal,terms_unigram,2924,9240,157,344,5.3694,3.7229,1.6464,1.4444,8.335124,oedipal,candidate_concept,kept_for_semantic_review,True,key_terms_by_journal,,,oedipal,final_keep,kept_after_final_cleanup,True,key_terms_by_journal
63,japa,haven,terms_unigram,2924,9240,73,58,2.4966,0.6277,1.8689,3.9694,8.043757,haven,candidate_concept,kept_for_semantic_review,True,key_terms_by_journal,,,haven,final_keep,kept_after_final_cleanup,True,key_terms_by_journal
64,japa,arnold,terms_unigram,2924,9240,74,62,2.5308,0.671,1.8598,3.7659,8.029596,arnold,candidate_concept,kept_for_semantic_review,True,key_terms_by_journal,,,arnold,final_keep,kept_after_final_cleanup,True,key_terms_by_journal
66,japa,candidates,terms_unigram,2924,9240,90,122,3.078,1.3203,1.7576,2.334,7.928418,candidates,candidate_concept,kept_for_semantic_review,True,key_terms_by_journal,,,candidates,final_keep,kept_after_final_cleanup,True,key_terms_by_journal
68,japa,intrapsychic,terms_unigram,2924,9240,125,245,4.275,2.6515,1.6235,1.615,7.851465,intrapsychic,candidate_concept,kept_for_semantic_review,True,key_terms_by_journal,,,intrapsychic,final_keep,kept_after_final_cleanup,True,key_terms_by_journal
69,japa,address,terms_unigram,2924,9240,138,291,4.7196,3.1494,1.5702,1.5011,7.748168,address,candidate_concept,kept_for_semantic_review,True,key_terms_by_journal,,,address,final_keep,kept_after_final_cleanup,True,key_terms_by_journal
70,japa,efforts,terms_unigram,2924,9240,120,230,4.104,2.4892,1.6148,1.6516,7.744193,efforts,candidate_concept,kept_for_semantic_review,True,key_terms_by_journal,,,efforts,final_keep,kept_after_final_cleanup,True,key_terms_by_journal
71,japa,harvard,terms_unigram,2924,9240,90,128,3.078,1.3853,1.6927,2.225,7.635505,harvard,candidate_concept,kept_for_semantic_review,True,key_terms_by_journal,,,harvard,final_keep,kept_after_final_cleanup,True,key_terms_by_journal
72,japa,female,terms_unigram,2924,9240,151,337,5.1642,3.6472,1.517,1.4182,7.621089,female,candidate_concept,kept_for_semantic_review,True,key_terms_by_journal,,,female,final_keep,kept_after_final_cleanup,True,key_terms_by_journal
73,japa,cognitive,terms_unigram,2924,9240,116,219,3.9672,2.3701,1.597,1.6768,7.605375,cognitive,candidate_concept,kept_for_semantic_review,True,key_terms_by_journal,,,cognitive,final_keep,kept_after_final_cleanup,True,key_terms_by_journal
75,japa,phase,terms_unigram,2924,9240,149,333,5.0958,3.6039,1.4919,1.4162,7.475182,phase,candidate_concept,kept_for_semantic_review,True,key_terms_by_journal,,,phase,final_keep,kept_after_final_cleanup,True,key_terms_by_journal
76,japa,science,terms_unigram,2924,9240,165,390,5.643,4.2208,1.4222,1.339,7.270144,science,candidate_concept,kept_for_semantic_review,True,key_terms_by_journal,,,science,final_keep,kept_after_final_cleanup,True,key_terms_by_journal
77,japa,annual,terms_unigram,2924,9240,76,86,2.5992,0.9307,1.6684,2.7941,7.247393,annual,candidate_concept,kept_for_semantic_review,True,key_terms_by_journal,,,annual,final_keep,kept_after_final_cleanup,True,key_terms_by_journal
78,japa,effort,terms_unigram,2924,9240,116,227,3.9672,2.4567,1.5105,1.6178,7.193065,effort,candidate_concept,kept_for_semantic_review,True,key_terms_by_journal,,,effort,final_keep,kept_after_final_cleanup,True,key_terms_by_journal
79,japa,functions,terms_unigram,2924,9240,187,469,6.3953,5.0758,1.3196,1.2617,6.909963,functions,candidate_concept,kept_for_semantic_review,True,key_terms_by_journal,,,functions,final_keep,kept_after_final_cleanup,True,key_terms_by_journal
81,japa,defensive,terms_unigram,2924,9240,156,369,5.3352,3.9935,1.3417,1.3381,6.783716,defensive,candidate_concept,kept_for_semantic_review,True,key_terms_by_journal,,,defensive,final_keep,kept_after_final_cleanup,True,key_terms_by_journal
82,japa,influence,terms_unigram,2924,9240,213,559,7.2845,6.0498,1.2348,1.2056,6.625683,influence,candidate_concept,kept_for_semantic_review,True,key_terms_by_journal,,,influence,final_keep,kept_after_final_cleanup,True,key_terms_by_journal
83,japa,steven,terms_unigram,2924,9240,86,137,2.9412,1.4827,1.4585,1.9875,6.513493,steven,candidate_concept,kept_for_semantic_review,True,key_terms_by_journal,,,steven,final_keep,kept_after_final_cleanup,True,key_terms_by_journal
84,japa,cambridge,terms_unigram,2924,9240,98,179,3.3516,1.9372,1.4143,1.7337,6.499079,cambridge,candidate_concept,kept_for_semantic_review,True,key_terms_by_journal,,,cambridge,final_keep,kept_after_final_cleanup,True,key_terms_by_journal
85,japa,increasingly,terms_unigram,2924,9240,103,198,3.5226,2.1429,1.3797,1.6473,6.407934,increasingly,candidate_concept,kept_for_semantic_review,True,key_terms_by_journal,,,increasingly,final_keep,kept_after_final_cleanup,True,key_terms_by_journal
86,japa,june,terms_unigram,2924,9240,74,97,2.5308,1.0498,1.481,2.414,6.394184,june,candidate_concept,kept_for_semantic_review,True,key_terms_by_journal,,,june,final_keep,kept_after_final_cleanup,True,key_terms_by_journal
87,japa,stanley,terms_unigram,2924,9240,57,35,1.9494,0.3788,1.5706,5.1172,6.377318,stanley,candidate_concept,kept_for_semantic_review,True,key_terms_by_journal,,,stanley,final_keep,kept_after_final_cleanup,True,key_terms_by_journal
88,japa,yale,terms_unigram,2924,9240,60,48,2.052,0.5195,1.5325,3.941,6.299927,yale,candidate_concept,kept_for_semantic_review,True,key_terms_by_journal,,,yale,final_keep,kept_after_final_cleanup,True,key_terms_by_journal
89,japa,contributions,terms_unigram,2924,9240,185,474,6.3269,5.1299,1.1971,1.2351,6.255633,contributions,candidate_concept,kept_for_semantic_review,True,key_terms_by_journal,,,contributions,final_keep,kept_after_final_cleanup,True,key_terms_by_journal
90,japa,today,terms_unigram,2924,9240,134,308,4.5828,3.3333,1.2494,1.3774,6.128797,today,candidate_concept,kept_for_semantic_review,True,key_terms_by_journal,,,today,final_keep,kept_after_final_cleanup,True,key_terms_by_journal
91,japa,analyst's,terms_unigram,2924,9240,276,772,9.4391,8.355,1.0841,1.1308,6.097257,analyst's,candidate_concept,kept_for_semantic_review,True,key_terms_by_journal,,,analyst's,final_keep,kept_after_final_cleanup,True,key_terms_by_journal
93,japa,conflict,terms_unigram,2924,9240,224,604,7.6607,6.5368,1.1239,1.1733,6.087384,conflict,candidate_concept,kept_for_semantic_review,True,key_terms_by_journal,,,conflict,final_keep,protected_psychoanalytic_term,True,key_terms_by_journal
94,japa,henry,terms_unigram,2924,9240,63,65,2.1546,0.7035,1.4511,3.0628,6.035037,henry,candidate_concept,kept_for_semantic_review,True,key_terms_by_journal,,,henry,final_keep,kept_after_final_cleanup,True,key_terms_by_journal
96,japa,outcome,terms_unigram,2924,9240,125,280,4.275,3.0303,1.2447,1.4135,6.01954,outcome,candidate_concept,kept_for_semantic_review,True,key_terms_by_journal,,,outcome,final_keep,kept_after_final_cleanup,True,key_terms_by_journal
97,japa,chair,terms_unigram,2924,9240,87,151,2.9754,1.6342,1.3412,1.8247,6.004901,chair,candidate_concept,kept_for_semantic_review,True,key_terms_by_journal,,,chair,final_keep,kept_after_final_cleanup,True,key_terms_by_journal
98,japa,april,terms_unigram,2924,9240,73,103,2.4966,1.1147,1.3819,2.2436,5.947621,april,candidate_concept,kept_for_semantic_review,True,key_terms_by_journal,,,april,final_keep,kept_after_final_cleanup,True,key_terms_by_journal
99,japa,organization,terms_unigram,2924,9240,148,359,5.0616,3.8853,1.1763,1.305,5.886033,organization,candidate_concept,kept_for_semantic_review,True,key_terms_by_journal,,,organization,final_keep,kept_after_final_cleanup,True,key_terms_by_journal
100,japa,survey,terms_unigram,2924,9240,72,101,2.4624,1.0931,1.3693,2.2567,5.874955,survey,candidate_concept,kept_for_semantic_review,True,key_terms_by_journal,,,survey,final_keep,kept_after_final_cleanup,True,key_terms_by_journal
2,psychoanalytic_dialogues,relational,terms_unigram,1578,10586,546,332,34.6008,3.1362,31.4645,11.0202,198.366599,relational,candidate_concept,kept_for_semantic_review,True,key_terms_by_journal,,,relational,final_keep,protected_psychoanalytic_term,True,key_terms_by_journal
4,psychoanalytic_dialogues,private,terms_unigram,1578,10586,451,260,28.5805,2.4561,26.1244,11.6209,159.716325,private,candidate_concept,kept_for_semantic_review,True,key_terms_by_journal,,,private,final_keep,kept_after_final_cleanup,True,key_terms_by_journal
6,psychoanalytic_dialogues,addressed,terms_unigram,1578,10586,396,224,25.0951,2.116,22.9791,11.8418,137.5052,addressed,candidate_concept,kept_for_semantic_review,True,key_terms_by_journal,,,addressed,final_keep,kept_after_final_cleanup,True,key_terms_by_journal
7,psychoanalytic_dialogues,correspondence,terms_unigram,1578,10586,383,130,24.2712,1.228,23.0432,19.7036,137.121801,correspondence,candidate_concept,kept_for_semantic_review,True,key_terms_by_journal,,,correspondence,final_keep,kept_after_final_cleanup,True,key_terms_by_journal
9,psychoanalytic_dialogues,dialogues,terms_unigram,1578,10586,357,28,22.6236,0.2645,22.3591,84.105,131.483271,dialogues,candidate_concept,kept_for_semantic_review,True,key_terms_by_journal,,,dialogues,final_keep,kept_after_final_cleanup,True,key_terms_by_journal
10,psychoanalytic_dialogues,postdoctoral,terms_unigram,1578,10586,338,68,21.4195,0.6424,20.7772,33.1329,121.04774,postdoctoral,candidate_concept,kept_for_semantic_review,True,key_terms_by_journal,,,postdoctoral,final_keep,kept_after_final_cleanup,True,key_terms_by_journal
11,psychoanalytic_dialogues,training,terms_unigram,1578,10586,446,1042,28.2636,9.8432,18.4204,2.8717,112.411788,training,candidate_concept,kept_for_semantic_review,True,key_terms_by_journal,,,training,final_keep,kept_after_final_cleanup,True,key_terms_by_journal
13,psychoanalytic_dialogues,psychology,terms_unigram,1578,10586,445,1171,28.2003,11.0618,17.1385,2.5497,104.550156,psychology,candidate_concept,kept_for_semantic_review,True,key_terms_by_journal,,,psychology,final_keep,kept_after_final_cleanup,True,key_terms_by_journal
14,psychoanalytic_dialogues,supervising,terms_unigram,1578,10586,329,330,20.8492,3.1173,17.7319,6.6846,102.828649,supervising,candidate_concept,kept_for_semantic_review,True,key_terms_by_journal,,,supervising,final_keep,kept_after_final_cleanup,True,key_terms_by_journal
16,psychoanalytic_dialogues,editor,terms_unigram,1578,10586,261,181,16.5399,1.7098,14.8301,9.6602,82.579209,editor,candidate_concept,kept_for_semantic_review,True,key_terms_by_journal,,,editor,final_keep,kept_after_final_cleanup,True,key_terms_by_journal
17,psychoanalytic_dialogues,associate,terms_unigram,1578,10586,252,211,15.9696,1.9932,13.9764,8.0046,77.336772,associate,candidate_concept,kept_for_semantic_review,True,key_terms_by_journal,,,associate,final_keep,kept_after_final_cleanup,True,key_terms_by_journal
18,psychoanalytic_dialogues,supervisor,terms_unigram,1578,10586,230,125,14.5754,1.1808,13.3946,12.3145,72.899047,supervisor,candidate_concept,kept_for_semantic_review,True,key_terms_by_journal,,,supervisor,final_keep,kept_after_final_cleanup,True,key_terms_by_journal
19,psychoanalytic_dialogues,trauma,terms_unigram,1578,10586,290,594,18.3777,5.6112,12.7665,3.2763,72.428531,trauma,candidate_concept,kept_for_semantic_review,True,key_terms_by_journal,,,trauma,final_keep,protected_psychoanalytic_term,True,key_terms_by_journal
23,psychoanalytic_dialogues,self,terms_unigram,1578,10586,319,1008,20.2155,9.522,10.6935,2.1242,61.683266,self,candidate_concept,kept_for_semantic_review,True,key_terms_by_journal,,,self,final_keep,protected_psychoanalytic_term,True,key_terms_by_journal
24,psychoanalytic_dialogues,international,terms_unigram,1578,10586,247,513,15.6527,4.846,10.8067,3.2317,59.581981,international,candidate_concept,kept_for_semantic_review,True,key_terms_by_journal,,,international,final_keep,kept_after_final_cleanup,True,key_terms_by_journal
26,psychoanalytic_dialogues,board,terms_unigram,1578,10586,190,124,12.0406,1.1714,10.8692,10.2593,57.088007,board,candidate_concept,kept_for_semantic_review,True,key_terms_by_journal,,,board,final_keep,kept_after_final_cleanup,True,key_terms_by_journal
27,psychoanalytic_dialogues,gender,terms_unigram,1578,10586,203,237,12.8644,2.2388,10.6256,5.745,56.508106,gender,candidate_concept,kept_for_semantic_review,True,key_terms_by_journal,,,gender,final_keep,protected_psychoanalytic_term,True,key_terms_by_journal
28,psychoanalytic_dialogues,white,terms_unigram,1578,10586,196,187,12.4208,1.7665,10.6543,7.0267,56.288847,white,candidate_concept,kept_for_semantic_review,True,key_terms_by_journal,,,white,final_keep,kept_after_final_cleanup,True,key_terms_by_journal
30,psychoanalytic_dialogues,social,terms_unigram,1578,10586,283,874,17.9341,8.2562,9.6779,2.1736,54.670244,social,candidate_concept,kept_for_semantic_review,True,key_terms_by_journal,,,social,final_keep,kept_after_final_cleanup,True,key_terms_by_journal
32,psychoanalytic_dialogues,personal,terms_unigram,1578,10586,260,718,16.4766,6.7825,9.694,2.4309,53.942514,personal,candidate_concept,kept_for_semantic_review,True,key_terms_by_journal,,,personal,final_keep,kept_after_final_cleanup,True,key_terms_by_journal
33,psychoanalytic_dialogues,mitchell,terms_unigram,1578,10586,170,60,10.7731,0.5668,10.2063,18.8956,52.477588,mitchell,candidate_concept,kept_for_semantic_review,True,key_terms_by_journal,,,mitchell,final_keep,kept_after_final_cleanup,True,key_terms_by_journal
35,psychoanalytic_dialogues,subjectivity,terms_unigram,1578,10586,177,185,11.2167,1.7476,9.4691,6.4157,49.067028,subjectivity,candidate_concept,kept_for_semantic_review,True,key_terms_by_journal,,,subjectivity,final_keep,protected_psychoanalytic_term,True,key_terms_by_journal
36,psychoanalytic_dialogues,nyu,terms_unigram,1578,10586,159,68,10.076,0.6424,9.4337,15.6121,47.877605,nyu,candidate_concept,kept_for_semantic_review,True,key_terms_by_journal,,,nyu,final_keep,kept_after_final_cleanup,True,key_terms_by_journal
37,psychoanalytic_dialogues,psychoanalyst,terms_unigram,1578,10586,199,389,12.6109,3.6747,8.9362,3.4342,47.34701,psychoanalyst,candidate_concept,kept_for_semantic_review,True,key_terms_by_journal,,,psychoanalyst,final_keep,kept_after_final_cleanup,True,key_terms_by_journal
38,psychoanalytic_dialogues,commentary,terms_unigram,1578,10586,153,70,9.6958,0.6613,9.0346,14.5986,45.506685,commentary,candidate_concept,kept_for_semantic_review,True,key_terms_by_journal,,,commentary,final_keep,kept_after_final_cleanup,True,key_terms_by_journal
39,psychoanalytic_dialogues,press,terms_unigram,1578,10586,165,174,10.4563,1.6437,8.8126,6.3591,45.04987,press,candidate_concept,kept_for_semantic_review,True,key_terms_by_journal,,,press,final_keep,kept_after_final_cleanup,True,key_terms_by_journal
40,psychoanalytic_dialogues,northern,terms_unigram,1578,10586,149,52,9.4423,0.4912,8.9511,19.0929,44.850784,northern,candidate_concept,kept_for_semantic_review,True,key_terms_by_journal,,,northern,final_keep,kept_after_final_cleanup,True,key_terms_by_journal
41,psychoanalytic_dialogues,journal,terms_unigram,1578,10586,194,438,12.294,4.1375,8.1565,2.974,43.009236,journal,candidate_concept,kept_for_semantic_review,True,key_terms_by_journal,,,journal,final_keep,kept_after_final_cleanup,True,key_terms_by_journal
47,psychoanalytic_dialogues,director,terms_unigram,1578,10586,153,193,9.6958,1.8232,7.8727,5.3189,39.654189,director,candidate_concept,kept_for_semantic_review,True,key_terms_by_journal,,,director,final_keep,kept_after_final_cleanup,True,key_terms_by_journal
48,psychoanalytic_dialogues,psychologist,terms_unigram,1578,10586,138,87,8.7452,0.8218,7.9234,10.6129,39.097845,psychologist,candidate_concept,kept_for_semantic_review,True,key_terms_by_journal,,,psychologist,final_keep,kept_after_final_cleanup,True,key_terms_by_journal
49,psychoanalytic_dialogues,psy,terms_unigram,1578,10586,130,27,8.2383,0.2551,7.9832,31.8177,38.919785,psy,candidate_concept,kept_for_semantic_review,True,key_terms_by_journal,,,psy,final_keep,kept_after_final_cleanup,True,key_terms_by_journal
50,psychoanalytic_dialogues,american,terms_unigram,1578,10586,227,764,14.3853,7.2171,7.1682,1.9952,38.918737,american,candidate_concept,kept_for_semantic_review,True,key_terms_by_journal,,,american,final_keep,kept_after_final_cleanup,True,key_terms_by_journal
51,psychoanalytic_dialogues,president,terms_unigram,1578,10586,140,122,8.872,1.1525,7.7195,7.6901,38.202072,president,candidate_concept,kept_for_semantic_review,True,key_terms_by_journal,,,president,final_keep,kept_after_final_cleanup,True,key_terms_by_journal
53,psychoanalytic_dialogues,published,terms_unigram,1578,10586,193,577,12.2307,5.4506,6.7801,2.2466,35.716482,published,candidate_concept,kept_for_semantic_review,True,key_terms_by_journal,,,published,final_keep,kept_after_final_cleanup,True,key_terms_by_journal
54,psychoanalytic_dialogues,national,terms_unigram,1578,10586,140,177,8.872,1.672,7.2,5.3072,35.630924,national,candidate_concept,kept_for_semantic_review,True,key_terms_by_journal,,,national,final_keep,kept_after_final_cleanup,True,key_terms_by_journal
55,psychoanalytic_dialogues,routledge,terms_unigram,1578,10586,126,70,7.9848,0.6613,7.3235,12.0307,35.476599,routledge,candidate_concept,kept_for_semantic_review,True,key_terms_by_journal,,,routledge,final_keep,kept_after_final_cleanup,True,key_terms_by_journal
56,psychoanalytic_dialogues,intersubjective,terms_unigram,1578,10586,139,186,8.8086,1.757,7.0516,5.0152,34.846391,intersubjective,candidate_concept,kept_for_semantic_review,True,key_terms_by_journal,,,intersubjective,final_keep,protected_psychoanalytic_term,True,key_terms_by_journal
57,psychoanalytic_dialogues,founding,terms_unigram,1578,10586,121,54,7.6679,0.5101,7.1578,14.9476,34.386349,founding,candidate_concept,kept_for_semantic_review,True,key_terms_by_journal,,,founding,final_keep,kept_after_final_cleanup,True,key_terms_by_journal
59,psychoanalytic_dialogues,editorial,terms_unigram,1578,10586,124,106,7.858,1.0013,6.8567,7.8381,33.106423,editorial,candidate_concept,kept_for_semantic_review,True,key_terms_by_journal,,,editorial,final_keep,kept_after_final_cleanup,True,key_terms_by_journal
62,psychoanalytic_dialogues,massachusetts,terms_unigram,1578,10586,122,129,7.7313,1.2186,6.5127,6.3425,31.340385,massachusetts,candidate_concept,kept_for_semantic_review,True,key_terms_by_journal,,,massachusetts,final_keep,kept_after_final_cleanup,True,key_terms_by_journal
63,psychoanalytic_dialogues,sexuality,terms_unigram,1578,10586,157,423,9.9493,3.9958,5.9535,2.4935,30.139954,sexuality,candidate_concept,kept_for_semantic_review,True,key_terms_by_journal,,,sexuality,final_keep,protected_psychoanalytic_term,True,key_terms_by_journal
64,psychoanalytic_dialogues,dissociation,terms_unigram,1578,10586,116,119,7.3511,1.1241,6.227,6.5366,29.653824,dissociation,candidate_concept,kept_for_semantic_review,True,key_terms_by_journal,,,dissociation,final_keep,kept_after_final_cleanup,True,key_terms_by_journal
65,psychoanalytic_dialogues,political,terms_unigram,1578,10586,131,237,8.3016,2.2388,6.0628,3.7124,29.603655,political,candidate_concept,kept_for_semantic_review,True,key_terms_by_journal,,,political,final_keep,kept_after_final_cleanup,True,key_terms_by_journal
66,psychoanalytic_dialogues,graduate,terms_unigram,1578,10586,110,100,6.9708,0.9446,6.0262,7.372,28.380596,graduate,candidate_concept,kept_for_semantic_review,True,key_terms_by_journal,,,graduate,final_keep,kept_after_final_cleanup,True,key_terms_by_journal
67,psychoanalytic_dialogues,response,terms_unigram,1578,10586,157,477,9.9493,4.506,5.4434,2.2116,27.557485,response,candidate_concept,kept_for_semantic_review,True,key_terms_by_journal,,,response,final_keep,kept_after_final_cleanup,True,key_terms_by_journal
68,psychoanalytic_dialogues,race,terms_unigram,1578,10586,103,65,6.5272,0.614,5.9132,10.5947,27.463357,race,candidate_concept,kept_for_semantic_review,True,key_terms_by_journal,,,race,final_keep,protected_psychoanalytic_term,True,key_terms_by_journal
69,psychoanalytic_dialogues,aol,terms_unigram,1578,10586,138,341,8.7452,3.2212,5.524,2.7193,27.258091,aol,candidate_concept,kept_for_semantic_review,True,key_terms_by_journal,,,aol,final_keep,kept_after_final_cleanup,True,key_terms_by_journal
70,psychoanalytic_dialogues,alanson,terms_unigram,1578,10586,97,25,6.147,0.2362,5.9109,25.6363,27.101104,alanson,candidate_concept,kept_for_semantic_review,True,key_terms_by_journal,,,alanson,final_keep,kept_after_final_cleanup,True,key_terms_by_journal
71,psychoanalytic_dialogues,therapeutic,terms_unigram,1578,10586,268,1288,16.9835,12.167,4.8165,1.3972,26.946986,therapeutic,candidate_concept,kept_for_semantic_review,True,key_terms_by_journal,,,therapeutic,final_keep,kept_after_final_cleanup,True,key_terms_by_journal
72,psychoanalytic_dialogues,culture,terms_unigram,1578,10586,136,338,8.6185,3.1929,5.4256,2.7037,26.693889,culture,candidate_concept,kept_for_semantic_review,True,key_terms_by_journal,,,culture,final_keep,protected_psychoanalytic_term,True,key_terms_by_journal
73,psychoanalytic_dialogues,cultural,terms_unigram,1578,10586,140,371,8.872,3.5046,5.3674,2.5358,26.561781,cultural,candidate_concept,kept_for_semantic_review,True,key_terms_by_journal,,,cultural,final_keep,kept_after_final_cleanup,True,key_terms_by_journal
74,psychoanalytic_dialogues,adjunct,terms_unigram,1578,10586,98,47,6.2104,0.444,5.7664,13.9038,26.497346,adjunct,candidate_concept,kept_for_semantic_review,True,key_terms_by_journal,,,adjunct,final_keep,kept_after_final_cleanup,True,key_terms_by_journal
76,psychoanalytic_dialogues,space,terms_unigram,1578,10586,139,404,8.8086,3.8164,4.9923,2.3123,24.66995,space,candidate_concept,kept_for_semantic_review,True,key_terms_by_journal,,,space,final_keep,kept_after_final_cleanup,True,key_terms_by_journal
77,psychoanalytic_dialogues,net,terms_unigram,1578,10586,135,377,8.5551,3.5613,4.9938,2.4067,24.532942,net,candidate_concept,kept_for_semantic_review,True,key_terms_by_journal,,,net,final_keep,kept_after_final_cleanup,True,key_terms_by_journal
81,psychoanalytic_dialogues,analyst's,terms_unigram,1578,10586,198,850,12.5475,8.0295,4.5181,1.5649,23.915446,analyst's,candidate_concept,kept_for_semantic_review,True,key_terms_by_journal,,,analyst's,final_keep,kept_after_final_cleanup,True,key_terms_by_journal
83,psychoanalytic_dialogues,dialogue,terms_unigram,1578,10586,118,276,7.4778,2.6072,4.8706,2.8735,23.277213,dialogue,candidate_concept,kept_for_semantic_review,True,key_terms_by_journal,,,dialogue,final_keep,kept_after_final_cleanup,True,key_terms_by_journal
84,psychoanalytic_dialogues,medical,terms_unigram,1578,10586,163,614,10.3295,5.8001,4.5294,1.784,23.099425,medical,candidate_concept,kept_for_semantic_review,True,key_terms_by_journal,,,medical,final_keep,kept_after_final_cleanup,True,key_terms_by_journal
85,psychoanalytic_dialogues,mutual,terms_unigram,1578,10586,109,212,6.9075,2.0026,4.9048,3.455,23.05507,mutual,candidate_concept,kept_for_semantic_review,True,key_terms_by_journal,,,mutual,final_keep,kept_after_final_cleanup,True,key_terms_by_journal
86,psychoanalytic_dialogues,teaches,terms_unigram,1578,10586,83,24,5.2598,0.2267,5.0331,22.8513,22.30078,teaches,candidate_concept,kept_for_semantic_review,True,key_terms_by_journal,,,teaches,final_keep,kept_after_final_cleanup,True,key_terms_by_journal
87,psychoanalytic_dialogues,writing,terms_unigram,1578,10586,126,381,7.9848,3.5991,4.3857,2.2232,21.24514,writing,candidate_concept,kept_for_semantic_review,True,key_terms_by_journal,,,writing,final_keep,kept_after_final_cleanup,True,key_terms_by_journal
88,psychoanalytic_dialogues,psychiatry,terms_unigram,1578,10586,182,799,11.5336,7.5477,3.9859,1.5305,20.764399,psychiatry,candidate_concept,kept_for_semantic_review,True,key_terms_by_journal,,,psychiatry,final_keep,kept_after_final_cleanup,True,key_terms_by_journal
89,psychoanalytic_dialogues,essay,terms_unigram,1578,10586,116,324,7.3511,3.0606,4.2904,2.4071,20.43178,essay,candidate_concept,kept_for_semantic_review,True,key_terms_by_journal,,,essay,final_keep,kept_after_final_cleanup,True,key_terms_by_journal
91,psychoanalytic_dialogues,living,terms_unigram,1578,10586,107,262,6.7807,2.475,4.3058,2.7458,20.160172,living,candidate_concept,kept_for_semantic_review,True,key_terms_by_journal,,,living,final_keep,kept_after_final_cleanup,True,key_terms_by_journal
93,psychoanalytic_dialogues,explore,terms_unigram,1578,10586,117,361,7.4144,3.4102,4.0043,2.1793,19.103178,explore,candidate_concept,kept_for_semantic_review,True,key_terms_by_journal,,,explore,final_keep,kept_after_final_cleanup,True,key_terms_by_journal
94,psychoanalytic_dialogues,collective,terms_unigram,1578,10586,83,108,5.2598,1.0202,4.2396,5.16,18.784923,collective,candidate_concept,kept_for_semantic_review,True,key_terms_by_journal,,,collective,final_keep,kept_after_final_cleanup,True,key_terms_by_journal
95,psychoanalytic_dialogues,serves,terms_unigram,1578,10586,91,176,5.7668,1.6626,4.1042,3.4759,18.558416,serves,candidate_concept,kept_for_semantic_review,True,key_terms_by_journal,,,serves,final_keep,kept_after_final_cleanup,True,key_terms_by_journal
97,psychoanalytic_dialogues,recognition,terms_unigram,1578,10586,109,318,6.9075,3.004,3.9035,2.3051,18.348374,recognition,candidate_concept,kept_for_semantic_review,True,key_terms_by_journal,,,recognition,final_keep,kept_after_final_cleanup,True,key_terms_by_journal
99,psychoanalytic_dialogues,iarpp,terms_unigram,1578,10586,67,0,4.2459,0.0,4.2459,905.1583,17.915527,iarpp,candidate_concept,kept_for_semantic_review,True,key_terms_by_journal,,,iarpp,final_keep,kept_after_final_cleanup,True,key_terms_by_journal
100,psychoanalytic_dialogues,aron,terms_unigram,1578,10586,68,13,4.3093,0.1228,4.1864,34.021,17.725869,aron,candidate_concept,kept_for_semantic_review,True,key_terms_by_journal,,,aron,final_keep,kept_after_final_cleanup,True,key_terms_by_journal
2,psychoanalytic_psychology,psychology,terms_unigram,1369,10795,274,1342,20.0146,12.4317,7.5829,1.6113,42.59157,psychology,candidate_concept,kept_for_semantic_review,True,key_terms_by_journal,,,psychology,final_keep,kept_after_final_cleanup,True,key_terms_by_journal
3,psychoanalytic_psychology,implications,terms_unigram,1369,10795,188,643,13.7327,5.9565,7.7762,2.3084,40.760822,implications,candidate_concept,kept_for_semantic_review,True,key_terms_by_journal,,,implications,final_keep,kept_after_final_cleanup,True,key_terms_by_journal
4,psychoanalytic_psychology,psychodynamic,terms_unigram,1369,10795,141,346,10.2995,3.2052,7.0943,3.2181,35.158129,psychodynamic,candidate_concept,kept_for_semantic_review,True,key_terms_by_journal,,,psychodynamic,final_keep,kept_after_final_cleanup,True,key_terms_by_journal
6,psychoanalytic_psychology,attachment,terms_unigram,1369,10795,130,293,9.496,2.7142,6.7818,3.5038,33.062432,attachment,candidate_concept,kept_for_semantic_review,True,key_terms_by_journal,,,attachment,final_keep,protected_psychoanalytic_term,True,key_terms_by_journal
11,psychoanalytic_psychology,interpersonal,terms_unigram,1369,10795,128,363,9.3499,3.3627,5.9872,2.7857,29.096778,interpersonal,candidate_concept,kept_for_semantic_review,True,key_terms_by_journal,,,interpersonal,final_keep,kept_after_final_cleanup,True,key_terms_by_journal
13,psychoanalytic_psychology,therapeutic,terms_unigram,1369,10795,238,1318,17.385,12.2094,5.1756,1.4254,28.343965,therapeutic,candidate_concept,kept_for_semantic_review,True,key_terms_by_journal,,,therapeutic,final_keep,kept_after_final_cleanup,True,key_terms_by_journal
14,psychoanalytic_psychology,personality,terms_unigram,1369,10795,177,855,12.9291,7.9203,5.0088,1.635,25.954579,personality,candidate_concept,kept_for_semantic_review,True,key_terms_by_journal,,,personality,final_keep,protected_psychoanalytic_term,True,key_terms_by_journal
15,psychoanalytic_psychology,behavior,terms_unigram,1369,10795,109,297,7.962,2.7513,5.2107,2.9005,24.492992,behavior,candidate_concept,kept_for_semantic_review,True,key_terms_by_journal,,,behavior,final_keep,kept_after_final_cleanup,True,key_terms_by_journal
16,psychoanalytic_psychology,self,terms_unigram,1369,10795,204,1123,14.9014,10.403,4.4984,1.4344,23.945153,self,candidate_concept,kept_for_semantic_review,True,key_terms_by_journal,,,self,final_keep,protected_psychoanalytic_term,True,key_terms_by_journal
17,psychoanalytic_psychology,disorder,terms_unigram,1369,10795,109,324,7.962,3.0014,4.9606,2.6591,23.317328,disorder,candidate_concept,kept_for_semantic_review,True,key_terms_by_journal,,,disorder,final_keep,kept_after_final_cleanup,True,key_terms_by_journal
18,psychoanalytic_psychology,online,terms_unigram,1369,10795,80,62,5.8437,0.5743,5.2693,10.1498,23.155854,online,candidate_concept,kept_for_semantic_review,True,key_terms_by_journal,,,online,final_keep,kept_after_final_cleanup,True,key_terms_by_journal
19,psychoanalytic_psychology,united,terms_unigram,1369,10795,98,243,7.1585,2.251,4.9075,3.1877,22.550402,united,candidate_concept,kept_for_semantic_review,True,key_terms_by_journal,,,united,final_keep,kept_after_final_cleanup,True,key_terms_by_journal
21,psychoanalytic_psychology,apa,terms_unigram,1369,10795,72,28,5.2593,0.2594,4.9999,20.0464,21.452014,apa,candidate_concept,kept_for_semantic_review,True,key_terms_by_journal,,,apa,final_keep,kept_after_final_cleanup,True,key_terms_by_journal
22,psychoanalytic_psychology,psychological,terms_unigram,1369,10795,202,1158,14.7553,10.7272,4.0281,1.3774,21.402164,psychological,candidate_concept,kept_for_semantic_review,True,key_terms_by_journal,,,psychological,final_keep,kept_after_final_cleanup,True,key_terms_by_journal
23,psychoanalytic_psychology,assessment,terms_unigram,1369,10795,84,196,6.1359,1.8157,4.3202,3.3887,19.193187,assessment,candidate_concept,kept_for_semantic_review,True,key_terms_by_journal,,,assessment,final_keep,kept_after_final_cleanup,True,key_terms_by_journal
24,psychoanalytic_psychology,associated,terms_unigram,1369,10795,117,505,8.5464,4.6781,3.8683,1.8317,18.454404,associated,candidate_concept,kept_for_semantic_review,True,key_terms_by_journal,,,associated,final_keep,kept_after_final_cleanup,True,key_terms_by_journal
25,psychoanalytic_psychology,disorders,terms_unigram,1369,10795,103,394,7.5237,3.6498,3.8739,2.0675,17.991916,disorders,candidate_concept,kept_for_semantic_review,True,key_terms_by_journal,,,disorders,final_keep,kept_after_final_cleanup,True,key_terms_by_journal
26,psychoanalytic_psychology,functioning,terms_unigram,1369,10795,131,650,9.569,6.0213,3.5477,1.593,17.322825,functioning,candidate_concept,kept_for_semantic_review,True,key_terms_by_journal,,,functioning,final_keep,kept_after_final_cleanup,True,key_terms_by_journal
27,psychoanalytic_psychology,psychopathology,terms_unigram,1369,10795,94,336,6.8663,3.1126,3.7538,2.213,17.094223,psychopathology,candidate_concept,kept_for_semantic_review,True,key_terms_by_journal,,,psychopathology,final_keep,kept_after_final_cleanup,True,key_terms_by_journal
28,psychoanalytic_psychology,relationships,terms_unigram,1369,10795,132,674,9.6421,6.2436,3.3984,1.548,16.619574,relationships,candidate_concept,kept_for_semantic_review,True,key_terms_by_journal,,,relationships,final_keep,protected_psychoanalytic_term,True,key_terms_by_journal
29,psychoanalytic_psychology,independent,terms_unigram,1369,10795,79,221,5.7706,2.0472,3.7234,2.8284,16.316,independent,candidate_concept,kept_for_semantic_review,True,key_terms_by_journal,,,independent,final_keep,kept_after_final_cleanup,True,key_terms_by_journal
30,psychoanalytic_psychology,orcid,terms_unigram,1369,10795,79,225,5.7706,2.0843,3.6863,2.7782,16.153628,orcid,candidate_concept,kept_for_semantic_review,True,key_terms_by_journal,,,orcid,final_keep,kept_after_final_cleanup,True,key_terms_by_journal
32,psychoanalytic_psychology,participants,terms_unigram,1369,10795,75,202,5.4785,1.8712,3.6072,2.9381,15.621885,participants,candidate_concept,kept_for_semantic_review,True,key_terms_by_journal,,,participants,final_keep,kept_after_final_cleanup,True,key_terms_by_journal
33,psychoanalytic_psychology,scale,terms_unigram,1369,10795,61,73,4.4558,0.6762,3.7796,6.5937,15.598786,scale,candidate_concept,kept_for_semantic_review,True,key_terms_by_journal,,,scale,final_keep,kept_after_final_cleanup,True,key_terms_by_journal
35,psychoanalytic_psychology,interests,terms_unigram,1369,10795,69,152,5.0402,1.4081,3.6321,3.5913,15.431028,interests,candidate_concept,kept_for_semantic_review,True,key_terms_by_journal,,,interests,final_keep,kept_after_final_cleanup,True,key_terms_by_journal
36,psychoanalytic_psychology,measures,terms_unigram,1369,10795,68,146,4.9671,1.3525,3.6147,3.6846,15.304819,measures,candidate_concept,kept_for_semantic_review,True,key_terms_by_journal,,,measures,final_keep,kept_after_final_cleanup,True,key_terms_by_journal
37,psychoanalytic_psychology,states,terms_unigram,1369,10795,157,914,11.4682,8.4669,3.0013,1.3572,15.19458,states,candidate_concept,kept_for_semantic_review,True,key_terms_by_journal,,,states,final_keep,kept_after_final_cleanup,True,key_terms_by_journal
38,psychoanalytic_psychology,latest,terms_unigram,1369,10795,57,52,4.1636,0.4817,3.6819,8.6308,14.950221,latest,candidate_concept,kept_for_semantic_review,True,key_terms_by_journal,,,latest,final_keep,kept_after_final_cleanup,True,key_terms_by_journal
39,psychoanalytic_psychology,diagnostic,terms_unigram,1369,10795,63,111,4.6019,1.0283,3.5736,4.4879,14.862373,diagnostic,candidate_concept,kept_for_semantic_review,True,key_terms_by_journal,,,diagnostic,final_keep,kept_after_final_cleanup,True,key_terms_by_journal
40,psychoanalytic_psychology,notified,terms_unigram,1369,10795,50,0,3.6523,0.0,3.6523,795.9095,14.36021,notified,candidate_concept,kept_for_semantic_review,True,key_terms_by_journal,,,notified,final_keep,kept_after_final_cleanup,True,key_terms_by_journal
41,psychoanalytic_psychology,notification,terms_unigram,1369,10795,50,1,3.6523,0.0093,3.643,265.3032,14.323788,notification,candidate_concept,kept_for_semantic_review,True,key_terms_by_journal,,,notification,final_keep,kept_after_final_cleanup,True,key_terms_by_journal
42,psychoanalytic_psychology,relational,terms_unigram,1369,10795,133,745,9.7151,6.9013,2.8138,1.4112,13.781431,relational,candidate_concept,kept_for_semantic_review,True,key_terms_by_journal,,,relational,final_keep,protected_psychoanalytic_term,True,key_terms_by_journal
43,psychoanalytic_psychology,favorite,terms_unigram,1369,10795,50,16,3.6523,0.1482,3.5041,24.1185,13.777448,favorite,candidate_concept,kept_for_semantic_review,True,key_terms_by_journal,,,favorite,final_keep,kept_after_final_cleanup,True,key_terms_by_journal
45,psychoanalytic_psychology,significantly,terms_unigram,1369,10795,62,147,4.5289,1.3617,3.1671,3.3391,13.12177,significantly,candidate_concept,kept_for_semantic_review,True,key_terms_by_journal,,,significantly,final_keep,kept_after_final_cleanup,True,key_terms_by_journal
46,psychoanalytic_psychology,test,terms_unigram,1369,10795,60,130,4.3828,1.2043,3.1785,3.6533,13.066412,test,candidate_concept,kept_for_semantic_review,True,key_terms_by_journal,,,test,final_keep,kept_after_final_cleanup,True,key_terms_by_journal
48,psychoanalytic_psychology,sign,terms_unigram,1369,10795,53,68,3.8714,0.6299,3.2415,6.1547,12.930363,sign,candidate_concept,kept_for_semantic_review,True,key_terms_by_journal,,,sign,final_keep,kept_after_final_cleanup,True,key_terms_by_journal
49,psychoanalytic_psychology,support,terms_unigram,1369,10795,91,409,6.6472,3.7888,2.8584,1.7608,12.925065,support,candidate_concept,kept_for_semantic_review,True,key_terms_by_journal,,,support,final_keep,kept_after_final_cleanup,True,key_terms_by_journal
50,psychoanalytic_psychology,adult,terms_unigram,1369,10795,116,623,8.4733,5.7712,2.7021,1.4724,12.868098,adult,candidate_concept,kept_for_semantic_review,True,key_terms_by_journal,,,adult,final_keep,kept_after_final_cleanup,True,key_terms_by_journal
51,psychoanalytic_psychology,interventions,terms_unigram,1369,10795,67,216,4.8941,2.0009,2.8932,2.4569,12.207698,interventions,candidate_concept,kept_for_semantic_review,True,key_terms_by_journal,,,interventions,final_keep,kept_after_final_cleanup,True,key_terms_by_journal
52,psychoanalytic_psychology,available,terms_unigram,1369,10795,82,350,5.9898,3.2422,2.7475,1.8548,12.140905,available,candidate_concept,kept_for_semantic_review,True,key_terms_by_journal,,,available,final_keep,kept_after_final_cleanup,True,key_terms_by_journal
53,psychoanalytic_psychology,construct,terms_unigram,1369,10795,56,119,4.0906,1.1024,2.9882,3.7258,12.081506,construct,candidate_concept,kept_for_semantic_review,True,key_terms_by_journal,,,construct,final_keep,kept_after_final_cleanup,True,key_terms_by_journal
54,psychoanalytic_psychology,behaviors,terms_unigram,1369,10795,49,53,3.5793,0.491,3.0883,7.2911,12.081449,behaviors,candidate_concept,kept_for_semantic_review,True,key_terms_by_journal,,,behaviors,final_keep,kept_after_final_cleanup,True,key_terms_by_journal
55,psychoanalytic_psychology,affect,terms_unigram,1369,10795,100,507,7.3046,4.6966,2.608,1.5605,12.036156,affect,candidate_concept,kept_for_semantic_review,True,key_terms_by_journal,,,affect,final_keep,kept_after_final_cleanup,True,key_terms_by_journal
56,psychoanalytic_psychology,potential,terms_unigram,1369,10795,94,456,6.8663,4.2242,2.6421,1.6313,12.032016,potential,candidate_concept,kept_for_semantic_review,True,key_terms_by_journal,,,potential,final_keep,kept_after_final_cleanup,True,key_terms_by_journal
57,psychoanalytic_psychology,abpp,terms_unigram,1369,10795,50,65,3.6523,0.6021,3.0502,6.0756,11.992738,abpp,candidate_concept,kept_for_semantic_review,True,key_terms_by_journal,,,abpp,final_keep,kept_after_final_cleanup,True,key_terms_by_journal
60,psychoanalytic_psychology,defense,terms_unigram,1369,10795,69,258,5.0402,2.39,2.6502,2.1187,11.259277,defense,candidate_concept,kept_for_semantic_review,True,key_terms_by_journal,,,defense,final_keep,protected_psychoanalytic_term,True,key_terms_by_journal
62,psychoanalytic_psychology,rorschach,terms_unigram,1369,10795,42,18,3.0679,0.1667,2.9012,18.1034,10.911952,rorschach,candidate_concept,kept_for_semantic_review,True,key_terms_by_journal,,,rorschach,final_keep,kept_after_final_cleanup,True,key_terms_by_journal
64,psychoanalytic_psychology,therapist's,terms_unigram,1369,10795,50,104,3.6523,0.9634,2.6889,3.8082,10.572254,therapist's,candidate_concept,kept_for_semantic_review,True,key_terms_by_journal,,,therapist's,final_keep,kept_after_final_cleanup,True,key_terms_by_journal
65,psychoanalytic_psychology,representations,terms_unigram,1369,10795,72,305,5.2593,2.8254,2.4339,1.8701,10.442683,representations,candidate_concept,kept_for_semantic_review,True,key_terms_by_journal,,,representations,final_keep,kept_after_final_cleanup,True,key_terms_by_journal
66,psychoanalytic_psychology,sent,terms_unigram,1369,10795,52,128,3.7984,1.1857,2.6127,3.2196,10.373018,sent,candidate_concept,kept_for_semantic_review,True,key_terms_by_journal,,,sent,final_keep,kept_after_final_cleanup,True,key_terms_by_journal
67,psychoanalytic_psychology,integration,terms_unigram,1369,10795,83,404,6.0628,3.7425,2.3203,1.6267,10.281029,integration,candidate_concept,kept_for_semantic_review,True,key_terms_by_journal,,,integration,final_keep,kept_after_final_cleanup,True,key_terms_by_journal
70,psychoanalytic_psychology,illustrate,terms_unigram,1369,10795,107,612,7.8159,5.6693,2.1466,1.3831,10.050816,illustrate,candidate_concept,kept_for_semantic_review,True,key_terms_by_journal,,,illustrate,final_keep,kept_after_final_cleanup,True,key_terms_by_journal
71,psychoanalytic_psychology,variables,terms_unigram,1369,10795,45,72,3.2871,0.667,2.6201,4.9456,10.031406,variables,candidate_concept,kept_for_semantic_review,True,key_terms_by_journal,,,variables,final_keep,kept_after_final_cleanup,True,key_terms_by_journal
72,psychoanalytic_psychology,impact,terms_unigram,1369,10795,102,577,7.4507,5.3451,2.1056,1.3987,9.759009,impact,candidate_concept,kept_for_semantic_review,True,key_terms_by_journal,,,impact,final_keep,kept_after_final_cleanup,True,key_terms_by_journal
73,psychoanalytic_psychology,measure,terms_unigram,1369,10795,52,145,3.7984,1.3432,2.4552,2.8434,9.747775,measure,candidate_concept,kept_for_semantic_review,True,key_terms_by_journal,,,measure,final_keep,kept_after_final_cleanup,True,key_terms_by_journal
74,psychoanalytic_psychology,regulation,terms_unigram,1369,10795,49,118,3.5793,1.0931,2.4862,3.2918,9.725901,regulation,candidate_concept,kept_for_semantic_review,True,key_terms_by_journal,,,regulation,final_keep,kept_after_final_cleanup,True,key_terms_by_journal
76,psychoanalytic_psychology,completed,terms_unigram,1369,10795,49,122,3.5793,1.1302,2.4491,3.1843,9.580944,completed,candidate_concept,kept_for_semantic_review,True,key_terms_by_journal,,,completed,final_keep,kept_after_final_cleanup,True,key_terms_by_journal
80,psychoanalytic_psychology,assessed,terms_unigram,1369,10795,41,57,2.9949,0.528,2.4669,5.6875,9.220325,assessed,candidate_concept,kept_for_semantic_review,True,key_terms_by_journal,,,assessed,final_keep,kept_after_final_cleanup,True,key_terms_by_journal
81,psychoanalytic_psychology,italy,terms_unigram,1369,10795,58,214,4.2367,1.9824,2.2543,2.1492,9.19187,italy,candidate_concept,kept_for_semantic_review,True,key_terms_by_journal,,,italy,final_keep,kept_after_final_cleanup,True,key_terms_by_journal
82,psychoanalytic_psychology,specifically,terms_unigram,1369,10795,71,330,5.1863,3.057,2.1293,1.7048,9.10629,specifically,candidate_concept,kept_for_semantic_review,True,key_terms_by_journal,,,specifically,final_keep,kept_after_final_cleanup,True,key_terms_by_journal
84,psychoanalytic_psychology,oriented,terms_unigram,1369,10795,45,99,3.2871,0.9171,2.37,3.6036,9.073802,oriented,candidate_concept,kept_for_semantic_review,True,key_terms_by_journal,,,oriented,final_keep,kept_after_final_cleanup,True,key_terms_by_journal
86,psychoanalytic_psychology,higher,terms_unigram,1369,10795,47,119,3.4332,1.1024,2.3308,3.1323,9.022998,higher,candidate_concept,kept_for_semantic_review,True,key_terms_by_journal,,,higher,final_keep,kept_after_final_cleanup,True,key_terms_by_journal
87,psychoanalytic_psychology,alliance,terms_unigram,1369,10795,50,150,3.6523,1.3895,2.2628,2.6442,8.896812,alliance,candidate_concept,kept_for_semantic_review,True,key_terms_by_journal,,,alliance,final_keep,kept_after_final_cleanup,True,key_terms_by_journal
88,psychoanalytic_psychology,cognitive,terms_unigram,1369,10795,63,272,4.6019,2.5197,2.0822,1.8363,8.659685,cognitive,candidate_concept,kept_for_semantic_review,True,key_terms_by_journal,,,cognitive,final_keep,kept_after_final_cleanup,True,key_terms_by_journal
89,psychoanalytic_psychology,style,terms_unigram,1369,10795,52,175,3.7984,1.6211,2.1773,2.3574,8.644406,style,candidate_concept,kept_for_semantic_review,True,key_terms_by_journal,,,style,final_keep,kept_after_final_cleanup,True,key_terms_by_journal
91,psychoanalytic_psychology,patterns,terms_unigram,1369,10795,62,276,4.5289,2.5567,1.9721,1.7813,8.170734,patterns,candidate_concept,kept_for_semantic_review,True,key_terms_by_journal,,,patterns,final_keep,kept_after_final_cleanup,True,key_terms_by_journal
92,psychoanalytic_psychology,manual,terms_unigram,1369,10795,35,30,2.5566,0.2779,2.2787,9.1721,8.16578,manual,candidate_concept,kept_for_semantic_review,True,key_terms_by_journal,,,manual,final_keep,kept_after_final_cleanup,True,key_terms_by_journal
93,psychoanalytic_psychology,reprints,terms_unigram,1369,10795,32,2,2.3375,0.0185,2.3189,102.4438,8.108211,reprints,candidate_concept,kept_for_semantic_review,True,key_terms_by_journal,,,reprints,final_keep,kept_after_final_cleanup,True,key_terms_by_journal
94,psychoanalytic_psychology,validity,terms_unigram,1369,10795,45,130,3.2871,1.2043,2.0828,2.7475,7.974331,validity,candidate_concept,kept_for_semantic_review,True,key_terms_by_journal,,,validity,final_keep,kept_after_final_cleanup,True,key_terms_by_journal
95,psychoanalytic_psychology,suggest,terms_unigram,1369,10795,86,487,6.282,4.5113,1.7706,1.3982,7.907381,suggest,candidate_concept,kept_for_semantic_review,True,key_terms_by_journal,,,suggest,final_keep,kept_after_final_cleanup,True,key_terms_by_journal
97,psychoanalytic_psychology,msc,terms_unigram,1369,10795,31,1,2.2644,0.0093,2.2552,165.4861,7.8158,msc,candidate_concept,kept_for_semantic_review,True,key_terms_by_journal,,,msc,final_keep,kept_after_final_cleanup,True,key_terms_by_journal
98,psychoanalytic_psychology,borderline,terms_unigram,1369,10795,62,286,4.5289,2.6494,1.8795,1.7191,7.786933,borderline,candidate_concept,kept_for_semantic_review,True,key_terms_by_journal,,,borderline,final_keep,protected_psychoanalytic_term,True,key_terms_by_journal
99,psychoanalytic_psychology,psychoanalytically,terms_unigram,1369,10795,48,164,3.5062,1.5192,1.987,2.3234,7.732997,psychoanalytically,candidate_concept,kept_for_semantic_review,True,key_terms_by_journal,,,psychoanalytically,final_keep,kept_after_final_cleanup,True,key_terms_by_journal
100,psychoanalytic_psychology,requests,terms_unigram,1369,10795,32,16,2.3375,0.1482,2.1893,15.5218,7.65475,requests,candidate_concept,kept_for_semantic_review,True,key_terms_by_journal,,,requests,final_keep,kept_after_final_cleanup,True,key_terms_by_journal
1,psychoanalytic_psychotherapy,health,terms_unigram,870,11294,191,483,21.954,4.2766,17.6774,5.1362,92.938932,health,candidate_concept,kept_for_semantic_review,True,key_terms_by_journal,,,health,final_keep,kept_after_final_cleanup,True,key_terms_by_journal
2,psychoanalytic_psychotherapy,nhs,terms_unigram,870,11294,140,25,16.092,0.2214,15.8706,71.4503,78.539777,nhs,candidate_concept,kept_for_semantic_review,True,key_terms_by_journal,,,nhs,final_keep,kept_after_final_cleanup,True,key_terms_by_journal
3,psychoanalytic_psychotherapy,psychodynamic,terms_unigram,870,11294,134,353,15.4023,3.1256,12.2767,4.934,60.22081,psychodynamic,candidate_concept,kept_for_semantic_review,True,key_terms_by_journal,,,psychodynamic,final_keep,kept_after_final_cleanup,True,key_terms_by_journal
4,psychoanalytic_psychotherapy,service,terms_unigram,870,11294,124,279,14.2529,2.4703,11.7825,5.7764,56.889777,service,candidate_concept,kept_for_semantic_review,True,key_terms_by_journal,,,service,final_keep,kept_after_final_cleanup,True,key_terms_by_journal
5,psychoanalytic_psychotherapy,care,terms_unigram,870,11294,114,263,13.1034,2.3287,10.7748,5.635,51.125591,care,candidate_concept,kept_for_semantic_review,True,key_terms_by_journal,,,care,final_keep,kept_after_final_cleanup,True,key_terms_by_journal
6,psychoanalytic_psychotherapy,mental,terms_unigram,870,11294,181,1428,20.8046,12.6439,8.1607,1.6476,42.468421,mental,candidate_concept,kept_for_semantic_review,True,key_terms_by_journal,,,mental,final_keep,protected_psychoanalytic_term,True,key_terms_by_journal
7,psychoanalytic_psychotherapy,therapeutic,terms_unigram,870,11294,177,1379,20.3448,12.21,8.1348,1.6686,42.152796,therapeutic,candidate_concept,kept_for_semantic_review,True,key_terms_by_journal,,,therapeutic,final_keep,kept_after_final_cleanup,True,key_terms_by_journal
8,psychoanalytic_psychotherapy,services,terms_unigram,870,11294,84,87,9.6552,0.7703,8.8849,12.5232,39.472298,services,candidate_concept,kept_for_semantic_review,True,key_terms_by_journal,,,services,final_keep,kept_after_final_cleanup,True,key_terms_by_journal
10,psychoanalytic_psychotherapy,staff,terms_unigram,870,11294,77,78,8.8506,0.6906,8.1599,12.8027,35.550494,staff,candidate_concept,kept_for_semantic_review,True,key_terms_by_journal,,,staff,final_keep,kept_after_final_cleanup,True,key_terms_by_journal
12,psychoanalytic_psychotherapy,disorder,terms_unigram,870,11294,88,345,10.1149,3.0547,7.0602,3.3217,31.690775,disorder,candidate_concept,kept_for_semantic_review,True,key_terms_by_journal,,,disorder,final_keep,kept_after_final_cleanup,True,key_terms_by_journal
13,psychoanalytic_psychotherapy,psychiatric,terms_unigram,870,11294,84,324,9.6552,2.8688,6.7864,3.3768,30.149575,psychiatric,candidate_concept,kept_for_semantic_review,True,key_terms_by_journal,,,psychiatric,final_keep,kept_after_final_cleanup,True,key_terms_by_journal
14,psychoanalytic_psychotherapy,psychotherapists,terms_unigram,870,11294,67,87,7.7011,0.7703,6.9308,10.0038,29.244686,psychotherapists,candidate_concept,kept_for_semantic_review,True,key_terms_by_journal,,,psychotherapists,final_keep,kept_after_final_cleanup,True,key_terms_by_journal
15,psychoanalytic_psychotherapy,difficulties,terms_unigram,870,11294,96,536,11.0345,4.7459,6.2886,2.3325,28.768527,difficulties,candidate_concept,kept_for_semantic_review,True,key_terms_by_journal,,,difficulties,final_keep,kept_after_final_cleanup,True,key_terms_by_journal
16,psychoanalytic_psychotherapy,setting,terms_unigram,870,11294,88,431,10.1149,3.8162,6.2988,2.6597,28.27283,setting,candidate_concept,kept_for_semantic_review,True,key_terms_by_journal,,,setting,final_keep,kept_after_final_cleanup,True,key_terms_by_journal
18,psychoanalytic_psychotherapy,public,terms_unigram,870,11294,74,248,8.5057,2.1959,6.3099,3.8877,27.242879,public,candidate_concept,kept_for_semantic_review,True,key_terms_by_journal,,,public,final_keep,kept_after_final_cleanup,True,key_terms_by_journal
19,psychoanalytic_psychotherapy,disorders,terms_unigram,870,11294,78,419,8.9655,3.7099,5.2556,2.4266,22.963995,disorders,candidate_concept,kept_for_semantic_review,True,key_terms_by_journal,,,disorders,final_keep,kept_after_final_cleanup,True,key_terms_by_journal
20,psychoanalytic_psychotherapy,routledge,terms_unigram,870,11294,58,138,6.6667,1.2219,5.4448,5.4774,22.20129,routledge,candidate_concept,kept_for_semantic_review,True,key_terms_by_journal,,,routledge,final_keep,kept_after_final_cleanup,True,key_terms_by_journal
22,psychoanalytic_psychotherapy,psychotherapist,terms_unigram,870,11294,53,88,6.092,0.7792,5.3128,7.8393,21.192592,psychotherapist,candidate_concept,kept_for_semantic_review,True,key_terms_by_journal,,,psychotherapist,final_keep,kept_after_final_cleanup,True,key_terms_by_journal
23,psychoanalytic_psychotherapy,tavistock,terms_unigram,870,11294,49,57,5.6322,0.5047,5.1275,11.1636,20.058863,tavistock,candidate_concept,kept_for_semantic_review,True,key_terms_by_journal,,,tavistock,final_keep,kept_after_final_cleanup,True,key_terms_by_journal
24,psychoanalytic_psychotherapy,national,terms_unigram,870,11294,61,256,7.0115,2.2667,4.7448,3.1093,19.582444,national,candidate_concept,kept_for_semantic_review,True,key_terms_by_journal,,,national,final_keep,kept_after_final_cleanup,True,key_terms_by_journal
25,psychoanalytic_psychotherapy,explore,terms_unigram,870,11294,71,407,8.1609,3.6037,4.5572,2.2753,19.489778,explore,candidate_concept,kept_for_semantic_review,True,key_terms_by_journal,,,explore,final_keep,kept_after_final_cleanup,True,key_terms_by_journal
26,psychoanalytic_psychotherapy,people,terms_unigram,870,11294,95,769,10.9195,6.8089,4.1106,1.6094,18.762279,people,candidate_concept,kept_for_semantic_review,True,key_terms_by_journal,,,people,final_keep,kept_after_final_cleanup,True,key_terms_by_journal
27,psychoanalytic_psychotherapy,psychotic,terms_unigram,870,11294,68,383,7.8161,3.3912,4.4249,2.3163,18.735544,psychotic,candidate_concept,kept_for_semantic_review,True,key_terms_by_journal,,,psychotic,final_keep,protected_psychoanalytic_term,True,key_terms_by_journal
28,psychoanalytic_psychotherapy,settings,terms_unigram,870,11294,48,95,5.5172,0.8412,4.6761,6.5858,18.198489,settings,candidate_concept,kept_for_semantic_review,True,key_terms_by_journal,,,settings,final_keep,kept_after_final_cleanup,True,key_terms_by_journal
29,psychoanalytic_psychotherapy,supervision,terms_unigram,870,11294,54,189,6.2069,1.6735,4.5334,3.7295,18.167011,supervision,candidate_concept,kept_for_semantic_review,True,key_terms_by_journal,,,supervision,final_keep,kept_after_final_cleanup,True,key_terms_by_journal
30,psychoanalytic_psychotherapy,help,terms_unigram,870,11294,88,689,10.1149,6.1006,4.0144,1.6645,18.018994,help,candidate_concept,kept_for_semantic_review,True,key_terms_by_journal,,,help,final_keep,kept_after_final_cleanup,True,key_terms_by_journal
31,psychoanalytic_psychotherapy,practitioners,terms_unigram,870,11294,45,82,5.1724,0.726,4.4464,7.152,17.023535,practitioners,candidate_concept,kept_for_semantic_review,True,key_terms_by_journal,,,practitioners,final_keep,kept_after_final_cleanup,True,key_terms_by_journal
32,psychoanalytic_psychotherapy,management,terms_unigram,870,11294,45,95,5.1724,0.8412,4.3313,6.1784,16.582838,management,candidate_concept,kept_for_semantic_review,True,key_terms_by_journal,,,management,final_keep,kept_after_final_cleanup,True,key_terms_by_journal
34,psychoanalytic_psychotherapy,assessment,terms_unigram,870,11294,53,227,6.092,2.0099,4.082,3.0496,16.283181,assessment,candidate_concept,kept_for_semantic_review,True,key_terms_by_journal,,,assessment,final_keep,kept_after_final_cleanup,True,key_terms_by_journal
35,psychoanalytic_psychotherapy,depression,terms_unigram,870,11294,58,307,6.6667,2.7183,3.9484,2.4671,16.099786,depression,candidate_concept,kept_for_semantic_review,True,key_terms_by_journal,,,depression,final_keep,protected_psychoanalytic_term,True,key_terms_by_journal
38,psychoanalytic_psychotherapy,psychological,terms_unigram,870,11294,123,1237,14.1379,10.9527,3.1852,1.2942,15.353622,psychological,candidate_concept,kept_for_semantic_review,True,key_terms_by_journal,,,psychological,final_keep,kept_after_final_cleanup,True,key_terms_by_journal
40,psychoanalytic_psychotherapy,learning,terms_unigram,870,11294,53,258,6.092,2.2844,3.8076,2.6839,15.188277,learning,candidate_concept,kept_for_semantic_review,True,key_terms_by_journal,,,learning,final_keep,kept_after_final_cleanup,True,key_terms_by_journal
41,psychoanalytic_psychotherapy,thinking,terms_unigram,870,11294,111,1086,12.7586,9.6157,3.1429,1.3308,14.829749,thinking,candidate_concept,kept_for_semantic_review,True,key_terms_by_journal,,,thinking,final_keep,kept_after_final_cleanup,True,key_terms_by_journal
42,psychoanalytic_psychotherapy,outcome,terms_unigram,870,11294,58,347,6.6667,3.0724,3.5942,2.1831,14.655643,outcome,candidate_concept,kept_for_semantic_review,True,key_terms_by_journal,,,outcome,final_keep,kept_after_final_cleanup,True,key_terms_by_journal
44,psychoanalytic_psychotherapy,evidence-based,terms_unigram,870,11294,37,29,4.2529,0.2568,3.9961,16.4846,14.536158,evidence-based,candidate_concept,kept_for_semantic_review,True,key_terms_by_journal,,,evidence-based,final_keep,kept_after_final_cleanup,True,key_terms_by_journal
45,psychoanalytic_psychotherapy,provide,terms_unigram,870,11294,71,541,8.1609,4.7902,3.3708,1.7123,14.415639,provide,candidate_concept,kept_for_semantic_review,True,key_terms_by_journal,,,provide,final_keep,kept_after_final_cleanup,True,key_terms_by_journal
46,psychoanalytic_psychotherapy,intervention,terms_unigram,870,11294,44,145,5.0575,1.2839,3.7736,3.9661,14.364836,intervention,candidate_concept,kept_for_semantic_review,True,key_terms_by_journal,,,intervention,final_keep,kept_after_final_cleanup,True,key_terms_by_journal
47,psychoanalytic_psychotherapy,personality,terms_unigram,870,11294,99,933,11.3793,8.261,3.1183,1.3822,14.360241,personality,candidate_concept,kept_for_semantic_review,True,key_terms_by_journal,,,personality,final_keep,protected_psychoanalytic_term,True,key_terms_by_journal
48,psychoanalytic_psychotherapy,emotional,terms_unigram,870,11294,97,910,11.1494,8.0574,3.092,1.3886,14.176947,emotional,candidate_concept,kept_for_semantic_review,True,key_terms_by_journal,,,emotional,final_keep,kept_after_final_cleanup,True,key_terms_by_journal
51,psychoanalytic_psychotherapy,risk,terms_unigram,870,11294,46,184,5.2874,1.6292,3.6582,3.2683,14.084505,risk,candidate_concept,kept_for_semantic_review,True,key_terms_by_journal,,,risk,final_keep,kept_after_final_cleanup,True,key_terms_by_journal
52,psychoanalytic_psychotherapy,symptoms,terms_unigram,870,11294,75,608,8.6207,5.3834,3.2373,1.609,14.019884,symptoms,candidate_concept,kept_for_semantic_review,True,key_terms_by_journal,,,symptoms,final_keep,kept_after_final_cleanup,True,key_terms_by_journal
54,psychoanalytic_psychotherapy,sector,terms_unigram,870,11294,35,18,4.023,0.1594,3.8636,24.8843,13.845326,sector,candidate_concept,kept_for_semantic_review,True,key_terms_by_journal,,,sector,final_keep,kept_after_final_cleanup,True,key_terms_by_journal
55,psychoanalytic_psychotherapy,community,terms_unigram,870,11294,55,338,6.3218,2.9927,3.3291,2.1262,13.400797,community,candidate_concept,kept_for_semantic_review,True,key_terms_by_journal,,,community,final_keep,kept_after_final_cleanup,True,key_terms_by_journal
56,psychoanalytic_psychotherapy,long-term,terms_unigram,870,11294,40,112,4.5977,0.9917,3.606,4.6684,13.391231,long-term,candidate_concept,kept_for_semantic_review,True,key_terms_by_journal,,,long-term,final_keep,kept_after_final_cleanup,True,key_terms_by_journal
58,psychoanalytic_psychotherapy,relationships,terms_unigram,870,11294,81,725,9.3103,6.4193,2.891,1.4568,12.739857,relationships,candidate_concept,kept_for_semantic_review,True,key_terms_by_journal,,,relationships,final_keep,protected_psychoanalytic_term,True,key_terms_by_journal
59,psychoanalytic_psychotherapy,aim,terms_unigram,870,11294,63,478,7.2414,4.2323,3.009,1.7209,12.51426,aim,candidate_concept,kept_for_semantic_review,True,key_terms_by_journal,,,aim,final_keep,kept_after_final_cleanup,True,key_terms_by_journal
60,psychoanalytic_psychotherapy,provision,terms_unigram,870,11294,33,29,3.7931,0.2568,3.5363,14.7262,12.470374,provision,candidate_concept,kept_for_semantic_review,True,key_terms_by_journal,,,provision,final_keep,kept_after_final_cleanup,True,key_terms_by_journal
61,psychoanalytic_psychotherapy,impact,terms_unigram,870,11294,72,607,8.2759,5.3745,2.9013,1.5476,12.448025,impact,candidate_concept,kept_for_semantic_review,True,key_terms_by_journal,,,impact,final_keep,kept_after_final_cleanup,True,key_terms_by_journal
62,psychoanalytic_psychotherapy,team,terms_unigram,870,11294,35,64,4.023,0.5667,3.4563,7.1373,12.385774,team,candidate_concept,kept_for_semantic_review,True,key_terms_by_journal,,,team,final_keep,kept_after_final_cleanup,True,key_terms_by_journal
63,psychoanalytic_psychotherapy,professional,terms_unigram,870,11294,55,367,6.3218,3.2495,3.0723,1.9584,12.367193,professional,candidate_concept,kept_for_semantic_review,True,key_terms_by_journal,,,professional,final_keep,kept_after_final_cleanup,True,key_terms_by_journal
64,psychoanalytic_psychotherapy,professionals,terms_unigram,870,11294,34,49,3.908,0.4339,3.4742,9.0382,12.351945,professionals,candidate_concept,kept_for_semantic_review,True,key_terms_by_journal,,,professionals,final_keep,kept_after_final_cleanup,True,key_terms_by_journal
65,psychoanalytic_psychotherapy,corresponding,terms_unigram,870,11294,38,114,4.3678,1.0094,3.3584,4.3604,12.303817,corresponding,candidate_concept,kept_for_semantic_review,True,key_terms_by_journal,,,corresponding,final_keep,kept_after_final_cleanup,True,key_terms_by_journal
66,psychoanalytic_psychotherapy,framework,terms_unigram,870,11294,53,341,6.092,3.0193,3.0727,2.0316,12.256759,framework,candidate_concept,kept_for_semantic_review,True,key_terms_by_journal,,,framework,final_keep,kept_after_final_cleanup,True,key_terms_by_journal
67,psychoanalytic_psychotherapy,lane,terms_unigram,870,11294,38,121,4.3678,1.0714,3.2965,4.1092,12.076751,lane,candidate_concept,kept_for_semantic_review,True,key_terms_by_journal,,,lane,final_keep,kept_after_final_cleanup,True,key_terms_by_journal
68,psychoanalytic_psychotherapy,forensic,terms_unigram,870,11294,31,11,3.5632,0.0974,3.4658,35.5206,12.011622,forensic,candidate_concept,kept_for_semantic_review,True,key_terms_by_journal,,,forensic,final_keep,kept_after_final_cleanup,True,key_terms_by_journal
69,psychoanalytic_psychotherapy,effective,terms_unigram,870,11294,45,231,5.1724,2.0453,3.1271,2.5488,11.972468,effective,candidate_concept,kept_for_semantic_review,True,key_terms_by_journal,,,effective,final_keep,kept_after_final_cleanup,True,key_terms_by_journal
71,psychoanalytic_psychotherapy,describe,terms_unigram,870,11294,68,565,7.8161,5.0027,2.8134,1.5708,11.912386,describe,candidate_concept,kept_for_semantic_review,True,key_terms_by_journal,,,describe,final_keep,kept_after_final_cleanup,True,key_terms_by_journal
73,psychoanalytic_psychotherapy,effectiveness,terms_unigram,870,11294,36,106,4.1379,0.9386,3.1994,4.4444,11.552697,effectiveness,candidate_concept,kept_for_semantic_review,True,key_terms_by_journal,,,effectiveness,final_keep,kept_after_final_cleanup,True,key_terms_by_journal
74,psychoanalytic_psychotherapy,physical,terms_unigram,870,11294,54,377,6.2069,3.3381,2.8688,1.8722,11.496402,physical,candidate_concept,kept_for_semantic_review,True,key_terms_by_journal,,,physical,final_keep,kept_after_final_cleanup,True,key_terms_by_journal
76,psychoanalytic_psychotherapy,trust,terms_unigram,870,11294,37,126,4.2529,1.1156,3.1372,3.8442,11.41197,trust,candidate_concept,kept_for_semantic_review,True,key_terms_by_journal,,,trust,final_keep,kept_after_final_cleanup,True,key_terms_by_journal
78,psychoanalytic_psychotherapy,containment,terms_unigram,870,11294,34,83,3.908,0.7349,3.1731,5.358,11.281626,containment,candidate_concept,kept_for_semantic_review,True,key_terms_by_journal,,,containment,final_keep,kept_after_final_cleanup,True,key_terms_by_journal
79,psychoanalytic_psychotherapy,belsize,terms_unigram,870,11294,31,36,3.5632,0.3188,3.2445,11.1914,11.244459,belsize,candidate_concept,kept_for_semantic_review,True,key_terms_by_journal,,,belsize,final_keep,kept_after_final_cleanup,True,key_terms_by_journal
80,psychoanalytic_psychotherapy,evidence,terms_unigram,870,11294,64,528,7.3563,4.675,2.6813,1.5826,11.192672,evidence,candidate_concept,kept_for_semantic_review,True,key_terms_by_journal,,,evidence,final_keep,kept_after_final_cleanup,True,key_terms_by_journal
82,psychoanalytic_psychotherapy,outcomes,terms_unigram,870,11294,35,114,4.023,1.0094,3.0136,4.0206,10.799303,outcomes,candidate_concept,kept_for_semantic_review,True,key_terms_by_journal,,,outcomes,final_keep,kept_after_final_cleanup,True,key_terms_by_journal
84,psychoanalytic_psychotherapy,dynamics,terms_unigram,870,11294,58,469,6.6667,4.1526,2.514,1.6158,10.251008,dynamics,candidate_concept,kept_for_semantic_review,True,key_terms_by_journal,,,dynamics,final_keep,kept_after_final_cleanup,True,key_terms_by_journal
85,psychoanalytic_psychotherapy,application,terms_unigram,870,11294,47,316,5.4023,2.7979,2.6044,1.9462,10.081974,application,candidate_concept,kept_for_semantic_review,True,key_terms_by_journal,,,application,final_keep,kept_after_final_cleanup,True,key_terms_by_journal
86,psychoanalytic_psychotherapy,severe,terms_unigram,870,11294,54,417,6.2069,3.6922,2.5147,1.6928,10.077123,severe,candidate_concept,kept_for_semantic_review,True,key_terms_by_journal,,,severe,final_keep,kept_after_final_cleanup,True,key_terms_by_journal
87,psychoanalytic_psychotherapy,paperback,terms_unigram,870,11294,27,9,3.1034,0.0797,3.0238,37.5385,10.075787,paperback,candidate_concept,kept_for_semantic_review,True,key_terms_by_journal,,,paperback,final_keep,kept_after_final_cleanup,True,key_terms_by_journal
88,psychoanalytic_psychotherapy,specialist,terms_unigram,870,11294,27,10,3.1034,0.0885,3.0149,33.9634,10.046282,specialist,candidate_concept,kept_for_semantic_review,True,key_terms_by_journal,,,specialist,final_keep,kept_after_final_cleanup,True,key_terms_by_journal
89,psychoanalytic_psychotherapy,access,terms_unigram,870,11294,40,220,4.5977,1.9479,2.6498,2.3819,9.84009,access,candidate_concept,kept_for_semantic_review,True,key_terms_by_journal,,,access,final_keep,kept_after_final_cleanup,True,key_terms_by_journal
90,psychoanalytic_psychotherapy,karnac,terms_unigram,870,11294,27,17,3.1034,0.1505,2.9529,20.3781,9.839753,karnac,candidate_concept,kept_for_semantic_review,True,key_terms_by_journal,,,karnac,final_keep,kept_after_final_cleanup,True,key_terms_by_journal
94,psychoanalytic_psychotherapy,provides,terms_unigram,870,11294,53,420,6.092,3.7188,2.3732,1.6499,9.466518,provides,candidate_concept,kept_for_semantic_review,True,key_terms_by_journal,,,provides,final_keep,kept_after_final_cleanup,True,key_terms_by_journal
95,psychoanalytic_psychotherapy,orcid,terms_unigram,870,11294,42,262,4.8276,2.3198,2.5078,2.0996,9.432226,orcid,candidate_concept,kept_for_semantic_review,True,key_terms_by_journal,,,orcid,final_keep,kept_after_final_cleanup,True,key_terms_by_journal
96,psychoanalytic_psychotherapy,suicide,terms_unigram,870,11294,32,112,3.6782,0.9917,2.6865,3.7463,9.393311,suicide,candidate_concept,kept_for_semantic_review,True,key_terms_by_journal,,,suicide,final_keep,kept_after_final_cleanup,True,key_terms_by_journal
97,psychoanalytic_psychotherapy,political,terms_unigram,870,11294,46,322,5.2874,2.8511,2.4363,1.8698,9.380057,political,candidate_concept,kept_for_semantic_review,True,key_terms_by_journal,,,political,final_keep,kept_after_final_cleanup,True,key_terms_by_journal
98,psychoanalytic_psychotherapy,behavioural,terms_unigram,870,11294,28,51,3.2184,0.4516,2.7668,7.1764,9.316714,behavioural,candidate_concept,kept_for_semantic_review,True,key_terms_by_journal,,,behavioural,final_keep,kept_after_final_cleanup,True,key_terms_by_journal
99,psychoanalytic_psychotherapy,available,terms_unigram,870,11294,50,382,5.7471,3.3823,2.3648,1.7121,9.297979,available,candidate_concept,kept_for_semantic_review,True,key_terms_by_journal,,,available,final_keep,kept_after_final_cleanup,True,key_terms_by_journal
100,psychoanalytic_psychotherapy,trainees,terms_unigram,870,11294,26,26,2.9885,0.2302,2.7583,12.9679,9.09089,trainees,candidate_concept,kept_for_semantic_review,True,key_terms_by_journal,,,trainees,final_keep,kept_after_final_cleanup,True,key_terms_by_journal
