rank,term,ngram_n,count,doc_count,doc_pct,n_docs_base,semantic_review_status,candidate_reason,suggested_family
1,runninghead,1,5423,5423,100.0,5423,pending,ijpa_high_frequency_recon,
2,psychoanalytic,1,4290,1755,32.362,5423,pending,ijpa_high_frequency_recon,
3,one,1,3852,2263,41.73,5423,pending,ijpa_high_frequency_recon,
4,freud,1,3648,1502,27.697,5423,pending,ijpa_high_frequency_recon,
5,analysis,1,3581,1591,29.338,5423,pending,ijpa_high_frequency_recon,
6,clinical,1,3536,1822,33.598,5423,pending,ijpa_high_frequency_recon,
7,psychoanalysis,1,3473,1398,25.779,5423,pending,ijpa_high_frequency_recon,
8,patient,1,3369,1534,28.287,5423,pending,ijpa_high_frequency_recon,
9,between,1,3279,1972,36.364,5423,pending,ijpa_high_frequency_recon,
10,theory,1,3060,1285,23.695,5423,pending,ijpa_high_frequency_recon,
11,work,1,2801,1642,30.278,5423,pending,ijpa_high_frequency_recon,
12,other,1,2798,1917,35.349,5423,pending,ijpa_high_frequency_recon,
13,analyst,1,2732,1213,22.368,5423,pending,ijpa_high_frequency_recon,
14,about,1,2636,1639,30.223,5423,pending,ijpa_high_frequency_recon,
15,ego,1,2629,935,17.241,5423,pending,ijpa_high_frequency_recon,
16,development,1,2481,1369,25.244,5423,pending,ijpa_high_frequency_recon,development_attachment
17,object,1,2421,1039,19.159,5423,pending,ijpa_high_frequency_recon,object_relations
18,all,1,2401,1624,29.947,5423,pending,ijpa_high_frequency_recon,
19,analytic,1,2396,1175,21.667,5423,pending,ijpa_high_frequency_recon,technique_process
20,also,1,2364,1742,32.122,5423,pending,ijpa_high_frequency_recon,
21,process,1,2345,1280,23.603,5423,pending,ijpa_high_frequency_recon,technique_process
22,only,1,2337,1638,30.205,5423,pending,ijpa_high_frequency_recon,
23,new,1,2337,1548,28.545,5423,pending,ijpa_high_frequency_recon,
24,first,1,2303,1541,28.416,5423,pending,ijpa_high_frequency_recon,
25,two,1,2253,1557,28.711,5423,pending,ijpa_high_frequency_recon,
26,unconscious,1,2196,1146,21.132,5423,pending,ijpa_high_frequency_recon,
27,transference,1,2156,847,15.619,5423,pending,ijpa_high_frequency_recon,transference_countertransference
28,time,1,2137,1298,23.935,5423,pending,ijpa_high_frequency_recon,
29,freud's,1,2099,1035,19.085,5423,pending,ijpa_high_frequency_recon,
30,patients,1,1952,997,18.385,5423,pending,ijpa_high_frequency_recon,
31,experience,1,1932,1192,21.98,5423,pending,ijpa_high_frequency_recon,
32,life,1,1930,1279,23.585,5423,pending,ijpa_high_frequency_recon,
33,out,1,1834,1230,22.681,5423,pending,ijpa_high_frequency_recon,
34,both,1,1817,1379,25.429,5423,pending,ijpa_high_frequency_recon,
35,psychic,1,1773,886,16.338,5423,pending,ijpa_high_frequency_recon,
36,treatment,1,1755,933,17.204,5423,pending,ijpa_high_frequency_recon,technique_process
37,relationship,1,1676,998,18.403,5423,pending,ijpa_high_frequency_recon,
38,child,1,1632,712,13.129,5423,pending,ijpa_high_frequency_recon,development_attachment
39,very,1,1546,1118,20.616,5423,pending,ijpa_high_frequency_recon,
40,own,1,1517,1121,20.671,5423,pending,ijpa_high_frequency_recon,
41,years,1,1494,1024,18.883,5423,pending,ijpa_high_frequency_recon,
42,reality,1,1481,704,12.982,5423,pending,ijpa_high_frequency_recon,
43,early,1,1469,944,17.407,5423,pending,ijpa_high_frequency_recon,
44,different,1,1423,1005,18.532,5423,pending,ijpa_high_frequency_recon,
45,london,1,1395,1116,20.579,5423,pending,ijpa_high_frequency_recon,
46,mother,1,1376,641,11.82,5423,pending,ijpa_high_frequency_recon,development_attachment
47,mental,1,1369,795,14.66,5423,pending,ijpa_high_frequency_recon,
48,psycho-analysis,1,1367,608,11.212,5423,pending,ijpa_high_frequency_recon,
49,well,1,1367,1113,20.524,5423,pending,ijpa_high_frequency_recon,
50,many,1,1352,1030,18.993,5423,pending,ijpa_high_frequency_recon,
51,any,1,1341,961,17.721,5423,pending,ijpa_high_frequency_recon,
52,understanding,1,1277,927,17.094,5423,pending,ijpa_high_frequency_recon,
53,patient's,1,1234,750,13.83,5423,pending,ijpa_high_frequency_recon,
54,anxiety,1,1217,546,10.068,5423,pending,ijpa_high_frequency_recon,
55,mind,1,1208,772,14.236,5423,pending,ijpa_high_frequency_recon,
56,aspects,1,1202,823,15.176,5423,pending,ijpa_high_frequency_recon,
57,world,1,1188,801,14.77,5423,pending,ijpa_high_frequency_recon,
58,material,1,1180,829,15.287,5423,pending,ijpa_high_frequency_recon,
59,certain,1,1170,884,16.301,5423,pending,ijpa_high_frequency_recon,
60,interpretation,1,1167,572,10.548,5423,pending,ijpa_high_frequency_recon,technique_process
61,after,1,1164,884,16.301,5423,pending,ijpa_high_frequency_recon,
62,summary,1,1146,1091,20.118,5423,pending,ijpa_high_frequency_recon,
63,made,1,1137,950,17.518,5423,pending,ijpa_high_frequency_recon,
64,dream,1,1125,340,6.27,5423,pending,ijpa_high_frequency_recon,
65,even,1,1124,895,16.504,5423,pending,ijpa_high_frequency_recon,
66,situation,1,1123,707,13.037,5423,pending,ijpa_high_frequency_recon,
67,must,1,1120,777,14.328,5423,pending,ijpa_high_frequency_recon,
68,however,1,1114,934,17.223,5423,pending,ijpa_high_frequency_recon,
69,theoretical,1,1113,789,14.549,5423,pending,ijpa_high_frequency_recon,
70,same,1,1100,853,15.729,5423,pending,ijpa_high_frequency_recon,
71,sexual,1,1078,523,9.644,5423,pending,ijpa_high_frequency_recon,body_sexuality
72,nature,1,1045,755,13.922,5423,pending,ijpa_high_frequency_recon,
73,three,1,1040,739,13.627,5423,pending,ijpa_high_frequency_recon,
74,important,1,1018,838,15.453,5423,pending,ijpa_high_frequency_recon,
75,der,1,1017,188,3.467,5423,pending,ijpa_high_frequency_recon,
76,subject,1,1015,726,13.387,5423,pending,ijpa_high_frequency_recon,
77,psycho-analytic,1,1007,486,8.962,5423,pending,ijpa_high_frequency_recon,technique_process
78,form,1,1007,753,13.885,5423,pending,ijpa_high_frequency_recon,
79,dreams,1,1004,337,6.214,5423,pending,ijpa_high_frequency_recon,
80,particular,1,1003,838,15.453,5423,pending,ijpa_high_frequency_recon,
81,sense,1,986,697,12.853,5423,pending,ijpa_high_frequency_recon,
82,therapeutic,1,985,555,10.234,5423,pending,ijpa_high_frequency_recon,technique_process
83,technique,1,973,468,8.63,5423,pending,ijpa_high_frequency_recon,technique_process
84,thought,1,972,679,12.521,5423,pending,ijpa_high_frequency_recon,
85,identification,1,971,455,8.39,5423,pending,ijpa_high_frequency_recon,object_relations
86,function,1,960,589,10.861,5423,pending,ijpa_high_frequency_recon,
87,complex,1,960,580,10.695,5423,pending,ijpa_high_frequency_recon,
88,training,1,949,335,6.177,5423,pending,ijpa_high_frequency_recon,
89,thinking,1,943,569,10.492,5423,pending,ijpa_high_frequency_recon,
90,self,1,939,471,8.685,5423,pending,ijpa_high_frequency_recon,self_narcissism
91,fact,1,934,750,13.83,5423,pending,ijpa_high_frequency_recon,
92,like,1,930,702,12.945,5423,pending,ijpa_high_frequency_recon,
93,man,1,919,549,10.124,5423,pending,ijpa_high_frequency_recon,
94,body,1,918,439,8.095,5423,pending,ijpa_high_frequency_recon,body_sexuality
95,often,1,905,726,13.387,5423,pending,ijpa_high_frequency_recon,
96,processes,1,901,589,10.861,5423,pending,ijpa_high_frequency_recon,
97,york,1,900,720,13.277,5423,pending,ijpa_high_frequency_recon,
98,death,1,894,428,7.892,5423,pending,ijpa_high_frequency_recon,
99,problem,1,892,563,10.382,5423,pending,ijpa_high_frequency_recon,
100,himself,1,889,642,11.838,5423,pending,ijpa_high_frequency_recon,
101,relation,1,889,617,11.377,5423,pending,ijpa_high_frequency_recon,
102,change,1,889,475,8.759,5423,pending,ijpa_high_frequency_recon,
103,analysts,1,879,561,10.345,5423,pending,ijpa_high_frequency_recon,
104,state,1,877,617,11.377,5423,pending,ijpa_high_frequency_recon,
105,analyst's,1,877,493,9.091,5423,pending,ijpa_high_frequency_recon,
106,possible,1,868,719,13.258,5423,pending,ijpa_high_frequency_recon,
107,against,1,863,629,11.599,5423,pending,ijpa_high_frequency_recon,
108,further,1,863,695,12.816,5423,pending,ijpa_high_frequency_recon,
109,much,1,856,695,12.816,5423,pending,ijpa_high_frequency_recon,
110,before,1,852,704,12.982,5423,pending,ijpa_high_frequency_recon,
111,ideas,1,852,613,11.304,5423,pending,ijpa_high_frequency_recon,
112,problems,1,852,587,10.824,5423,pending,ijpa_high_frequency_recon,
113,research,1,851,466,8.593,5423,pending,ijpa_high_frequency_recon,
114,psychology,1,845,464,8.556,5423,pending,ijpa_high_frequency_recon,
115,human,1,844,579,10.677,5423,pending,ijpa_high_frequency_recon,
116,psychological,1,843,559,10.308,5423,pending,ijpa_high_frequency_recon,
117,com,1,842,778,14.346,5423,pending,ijpa_high_frequency_recon,
118,later,1,837,696,12.834,5423,pending,ijpa_high_frequency_recon,
119,thus,1,836,721,13.295,5423,pending,ijpa_high_frequency_recon,
120,internal,1,828,526,9.699,5423,pending,ijpa_high_frequency_recon,
121,here,1,826,658,12.134,5423,pending,ijpa_high_frequency_recon,
122,objects,1,826,477,8.796,5423,pending,ijpa_high_frequency_recon,object_relations
123,place,1,824,663,12.226,5423,pending,ijpa_high_frequency_recon,
124,die,1,818,169,3.116,5423,pending,ijpa_high_frequency_recon,
125,practice,1,817,530,9.773,5423,pending,ijpa_high_frequency_recon,
126,children,1,813,444,8.187,5423,pending,ijpa_high_frequency_recon,development_attachment
127,narcissistic,1,813,394,7.265,5423,pending,ijpa_high_frequency_recon,self_narcissism
128,experiences,1,811,580,10.695,5423,pending,ijpa_high_frequency_recon,
129,meaning,1,808,543,10.013,5423,pending,ijpa_high_frequency_recon,language_narrative_meaning
130,question,1,803,578,10.658,5423,pending,ijpa_high_frequency_recon,
131,history,1,801,567,10.455,5423,pending,ijpa_high_frequency_recon,
132,now,1,799,625,11.525,5423,pending,ijpa_high_frequency_recon,
133,over,1,795,610,11.248,5423,pending,ijpa_high_frequency_recon,
134,importance,1,793,639,11.783,5423,pending,ijpa_high_frequency_recon,
135,character,1,788,447,8.243,5423,pending,ijpa_high_frequency_recon,
136,accepted,1,788,762,14.051,5423,pending,ijpa_high_frequency_recon,
137,rather,1,785,688,12.687,5423,pending,ijpa_high_frequency_recon,
138,become,1,785,666,12.281,5423,pending,ijpa_high_frequency_recon,
139,des,1,781,183,3.375,5423,pending,ijpa_high_frequency_recon,
140,since,1,780,654,12.06,5423,pending,ijpa_high_frequency_recon,
141,general,1,777,607,11.193,5423,pending,ijpa_high_frequency_recon,
142,another,1,774,650,11.986,5423,pending,ijpa_high_frequency_recon,
143,trauma,1,774,282,5.2,5423,pending,ijpa_high_frequency_recon,affect_trauma_regulation
144,father,1,769,374,6.897,5423,pending,ijpa_high_frequency_recon,
145,towards,1,766,559,10.308,5423,pending,ijpa_high_frequency_recon,
146,und,1,758,154,2.84,5423,pending,ijpa_high_frequency_recon,
147,society,1,757,412,7.597,5423,pending,ijpa_high_frequency_recon,
148,individual,1,752,550,10.142,5423,pending,ijpa_high_frequency_recon,
149,specific,1,747,575,10.603,5423,pending,ijpa_high_frequency_recon,
150,make,1,747,650,11.986,5423,pending,ijpa_high_frequency_recon,
151,del,1,745,122,2.25,5423,pending,ijpa_high_frequency_recon,
152,group,1,737,425,7.837,5423,pending,ijpa_high_frequency_recon,
153,language,1,734,354,6.528,5423,pending,ijpa_high_frequency_recon,language_narrative_meaning
154,knowledge,1,733,520,9.589,5423,pending,ijpa_high_frequency_recon,
155,course,1,731,634,11.691,5423,pending,ijpa_high_frequency_recon,
156,defence,1,730,381,7.026,5423,pending,ijpa_high_frequency_recon,
157,order,1,728,629,11.599,5423,pending,ijpa_high_frequency_recon,
158,shall,1,727,452,8.335,5423,pending,ijpa_high_frequency_recon,
159,various,1,726,619,11.414,5423,pending,ijpa_high_frequency_recon,
160,structure,1,726,498,9.183,5423,pending,ijpa_high_frequency_recon,
161,second,1,719,578,10.658,5423,pending,ijpa_high_frequency_recon,
162,personality,1,717,465,8.575,5423,pending,ijpa_high_frequency_recon,
163,states,1,713,465,8.575,5423,pending,ijpa_high_frequency_recon,
164,emotional,1,713,454,8.372,5423,pending,ijpa_high_frequency_recon,affect_trauma_regulation
165,conflict,1,711,415,7.653,5423,pending,ijpa_high_frequency_recon,
166,external,1,706,479,8.833,5423,pending,ijpa_high_frequency_recon,
167,scientific,1,704,431,7.948,5423,pending,ijpa_high_frequency_recon,
168,need,1,704,555,10.234,5423,pending,ijpa_high_frequency_recon,
169,psycho-analytical,1,703,393,7.247,5423,pending,ijpa_high_frequency_recon,
170,love,1,703,349,6.436,5423,pending,ijpa_high_frequency_recon,
171,following,1,702,619,11.414,5423,pending,ijpa_high_frequency_recon,
172,contribution,1,695,401,7.394,5423,pending,ijpa_high_frequency_recon,
173,behaviour,1,693,428,7.892,5423,pending,ijpa_high_frequency_recon,
174,come,1,692,530,9.773,5423,pending,ijpa_high_frequency_recon,
175,little,1,687,482,8.888,5423,pending,ijpa_high_frequency_recon,
176,working,1,682,433,7.985,5423,pending,ijpa_high_frequency_recon,
177,attention,1,681,603,11.119,5423,pending,ijpa_high_frequency_recon,
178,social,1,678,421,7.763,5423,pending,ijpa_high_frequency_recon,culture_social_ethics
179,found,1,677,570,10.511,5423,pending,ijpa_high_frequency_recon,
180,model,1,676,364,6.712,5423,pending,ijpa_high_frequency_recon,
181,neurosis,1,671,349,6.436,5423,pending,ijpa_high_frequency_recon,
182,phenomena,1,668,466,8.593,5423,pending,ijpa_high_frequency_recon,
183,que,1,660,107,1.973,5423,pending,ijpa_high_frequency_recon,
184,literature,1,658,528,9.736,5423,pending,ijpa_high_frequency_recon,
185,great,1,652,532,9.81,5423,pending,ijpa_high_frequency_recon,
186,attempt,1,651,540,9.958,5423,pending,ijpa_high_frequency_recon,
187,sexuality,1,645,255,4.702,5423,pending,ijpa_high_frequency_recon,body_sexuality
188,theories,1,644,406,7.487,5423,pending,ijpa_high_frequency_recon,
189,given,1,641,570,10.511,5423,pending,ijpa_high_frequency_recon,
190,means,1,640,531,9.792,5423,pending,ijpa_high_frequency_recon,
191,infantile,1,637,364,6.712,5423,pending,ijpa_high_frequency_recon,
192,countertransference,1,636,326,6.011,5423,pending,ijpa_high_frequency_recon,transference_countertransference
193,psychotic,1,634,300,5.532,5423,pending,ijpa_high_frequency_recon,
194,primary,1,631,399,7.358,5423,pending,ijpa_high_frequency_recon,
195,others,1,625,528,9.736,5423,pending,ijpa_high_frequency_recon,
196,although,1,622,545,10.05,5423,pending,ijpa_high_frequency_recon,
197,yet,1,620,544,10.031,5423,pending,ijpa_high_frequency_recon,
198,therefore,1,619,524,9.663,5423,pending,ijpa_high_frequency_recon,
199,relations,1,612,407,7.505,5423,pending,ijpa_high_frequency_recon,
200,factors,1,612,397,7.321,5423,pending,ijpa_high_frequency_recon,
201,international,1,609,351,6.472,5423,pending,ijpa_high_frequency_recon,
202,superego,1,604,257,4.739,5423,pending,ijpa_high_frequency_recon,
203,still,1,603,501,9.238,5423,pending,ijpa_high_frequency_recon,
204,field,1,603,397,7.321,5423,pending,ijpa_high_frequency_recon,relational_intersubjective
205,association,1,601,340,6.27,5423,pending,ijpa_high_frequency_recon,
206,oedipus,1,600,244,4.499,5423,pending,ijpa_high_frequency_recon,
207,drive,1,599,319,5.882,5423,pending,ijpa_high_frequency_recon,
208,street,1,597,564,10.4,5423,pending,ijpa_high_frequency_recon,
209,take,1,596,518,9.552,5423,pending,ijpa_high_frequency_recon,
210,always,1,594,494,9.109,5423,pending,ijpa_high_frequency_recon,
211,formation,1,593,328,6.048,5423,pending,ijpa_high_frequency_recon,
212,person,1,591,417,7.689,5423,pending,ijpa_high_frequency_recon,
213,words,1,590,420,7.745,5423,pending,ijpa_high_frequency_recon,
214,past,1,588,389,7.173,5423,pending,ijpa_high_frequency_recon,
215,people,1,586,421,7.763,5423,pending,ijpa_high_frequency_recon,
216,cannot,1,583,494,9.109,5423,pending,ijpa_high_frequency_recon,
217,interest,1,579,467,8.611,5423,pending,ijpa_high_frequency_recon,
218,feelings,1,578,395,7.284,5423,pending,ijpa_high_frequency_recon,
219,fantasy,1,575,283,5.219,5423,pending,ijpa_high_frequency_recon,
220,final,1,570,524,9.663,5423,pending,ijpa_high_frequency_recon,
221,capacity,1,568,421,7.763,5423,pending,ijpa_high_frequency_recon,
222,klein,1,567,268,4.942,5423,pending,ijpa_high_frequency_recon,
223,symptoms,1,564,372,6.86,5423,pending,ijpa_high_frequency_recon,
224,john,1,561,155,2.858,5423,pending,ijpa_high_frequency_recon,
225,able,1,560,484,8.925,5423,pending,ijpa_high_frequency_recon,
226,normal,1,559,366,6.749,5423,pending,ijpa_high_frequency_recon,
227,position,1,559,410,7.56,5423,pending,ijpa_high_frequency_recon,
228,central,1,558,454,8.372,5423,pending,ijpa_high_frequency_recon,
229,congress,1,552,297,5.477,5423,pending,ijpa_high_frequency_recon,
230,idea,1,551,424,7.819,5423,pending,ijpa_high_frequency_recon,
231,whether,1,551,449,8.28,5423,pending,ijpa_high_frequency_recon,
232,forms,1,551,431,7.948,5423,pending,ijpa_high_frequency_recon,
233,good,1,547,389,7.173,5423,pending,ijpa_high_frequency_recon,
234,seems,1,546,464,8.556,5423,pending,ijpa_high_frequency_recon,
235,contact,1,543,432,7.966,5423,pending,ijpa_high_frequency_recon,
236,special,1,543,415,7.653,5423,pending,ijpa_high_frequency_recon,
237,know,1,543,439,8.095,5423,pending,ijpa_high_frequency_recon,
238,think,1,542,422,7.782,5423,pending,ijpa_high_frequency_recon,
239,robert,1,541,155,2.858,5423,pending,ijpa_high_frequency_recon,
240,mechanisms,1,539,346,6.38,5423,pending,ijpa_high_frequency_recon,
241,less,1,539,452,8.335,5423,pending,ijpa_high_frequency_recon,
242,play,1,538,320,5.901,5423,pending,ijpa_high_frequency_recon,
243,functions,1,538,369,6.804,5423,pending,ijpa_high_frequency_recon,
244,result,1,537,461,8.501,5423,pending,ijpa_high_frequency_recon,
245,method,1,536,323,5.956,5423,pending,ijpa_high_frequency_recon,
246,childhood,1,532,366,6.749,5423,pending,ijpa_high_frequency_recon,
247,find,1,531,458,8.446,5423,pending,ijpa_high_frequency_recon,
248,number,1,531,455,8.39,5423,pending,ijpa_high_frequency_recon,
249,observations,1,530,355,6.546,5423,pending,ijpa_high_frequency_recon,
250,particularly,1,527,461,8.501,5423,pending,ijpa_high_frequency_recon,
1,new york,2,889,715,13.185,5423,pending,ijpa_high_frequency_recon,
2,psychoanalytic theory,2,386,254,4.684,5423,pending,ijpa_high_frequency_recon,
3,final version,2,370,369,6.804,5423,pending,ijpa_high_frequency_recon,
4,version accepted,2,363,363,6.694,5423,pending,ijpa_high_frequency_recon,
5,gmail com,2,357,352,6.491,5423,pending,ijpa_high_frequency_recon,
6,oedipus complex,2,352,166,3.061,5423,pending,ijpa_high_frequency_recon,
7,clinical material,2,351,315,5.809,5423,pending,ijpa_high_frequency_recon,
8,acting out,2,347,112,2.065,5423,pending,ijpa_high_frequency_recon,
9,analytic process,2,335,214,3.946,5423,pending,ijpa_high_frequency_recon,technique_process
10,melanie klein,2,306,152,2.803,5423,pending,ijpa_high_frequency_recon,
11,relationship between,2,306,253,4.665,5423,pending,ijpa_high_frequency_recon,
12,sigmund freud,2,302,130,2.397,5423,pending,ijpa_high_frequency_recon,
13,ernest jones,2,299,131,2.416,5423,pending,ijpa_high_frequency_recon,
14,object relations,2,291,190,3.504,5423,pending,ijpa_high_frequency_recon,object_relations
15,same time,2,276,259,4.776,5423,pending,ijpa_high_frequency_recon,
16,buenos aires,2,269,191,3.522,5423,pending,ijpa_high_frequency_recon,
17,anna freud,2,266,127,2.342,5423,pending,ijpa_high_frequency_recon,
18,projective identification,2,251,125,2.305,5423,pending,ijpa_high_frequency_recon,object_relations
19,psychoanalytic treatment,2,229,139,2.563,5423,pending,ijpa_high_frequency_recon,technique_process
20,psychic reality,2,227,97,1.789,5423,pending,ijpa_high_frequency_recon,
21,accepted publication,2,225,225,4.149,5423,pending,ijpa_high_frequency_recon,
22,analytic situation,2,216,155,2.858,5423,pending,ijpa_high_frequency_recon,technique_process
23,other hand,2,214,206,3.799,5423,pending,ijpa_high_frequency_recon,
24,patient analyst,2,207,172,3.172,5423,pending,ijpa_high_frequency_recon,
25,international psycho-analytical,2,201,133,2.453,5423,pending,ijpa_high_frequency_recon,
26,between two,2,185,176,3.245,5423,pending,ijpa_high_frequency_recon,
27,edward glover,2,175,43,0.793,5423,pending,ijpa_high_frequency_recon,
28,pointed out,2,172,159,2.932,5423,pending,ijpa_high_frequency_recon,
29,analytic work,2,166,147,2.711,5423,pending,ijpa_high_frequency_recon,technique_process
30,psychoanalytic process,2,166,101,1.862,5423,pending,ijpa_high_frequency_recon,technique_process
31,thomas ogden,2,166,41,0.756,5423,pending,ijpa_high_frequency_recon,
32,street new,2,164,161,2.969,5423,pending,ijpa_high_frequency_recon,
33,road london,2,163,161,2.969,5423,pending,ijpa_high_frequency_recon,
34,death instinct,2,160,72,1.328,5423,pending,ijpa_high_frequency_recon,
35,one hand,2,153,151,2.784,5423,pending,ijpa_high_frequency_recon,
36,clinical practice,2,151,113,2.084,5423,pending,ijpa_high_frequency_recon,
37,theory practice,2,150,112,2.065,5423,pending,ijpa_high_frequency_recon,
38,years ago,2,150,137,2.526,5423,pending,ijpa_high_frequency_recon,
39,mental life,2,149,124,2.287,5423,pending,ijpa_high_frequency_recon,
40,psycho-analytical society,2,148,97,1.789,5423,pending,ijpa_high_frequency_recon,
41,psychoanalysis runninghead,2,145,145,2.674,5423,pending,ijpa_high_frequency_recon,
42,rachel blass,2,142,44,0.811,5423,pending,ijpa_high_frequency_recon,
43,psychic change,2,140,50,0.922,5423,pending,ijpa_high_frequency_recon,
44,psychoanalytic society,2,136,88,1.623,5423,pending,ijpa_high_frequency_recon,
45,san francisco,2,135,117,2.157,5423,pending,ijpa_high_frequency_recon,
46,transference neurosis,2,134,77,1.42,5423,pending,ijpa_high_frequency_recon,transference_countertransference
47,international journal,2,132,85,1.567,5423,pending,ijpa_high_frequency_recon,
48,distinction between,2,131,116,2.139,5423,pending,ijpa_high_frequency_recon,
49,psychoanalytic technique,2,128,72,1.328,5423,pending,ijpa_high_frequency_recon,technique_process
50,defence mechanisms,2,128,79,1.457,5423,pending,ijpa_high_frequency_recon,
51,pleasure principle,2,127,84,1.549,5423,pending,ijpa_high_frequency_recon,
52,object relationships,2,127,87,1.604,5423,pending,ijpa_high_frequency_recon,object_relations
53,transference countertransference,2,126,101,1.862,5423,pending,ijpa_high_frequency_recon,transference_countertransference
54,external world,2,125,92,1.696,5423,pending,ijpa_high_frequency_recon,
55,los angeles,2,125,110,2.028,5423,pending,ijpa_high_frequency_recon,
56,analyst patient,2,124,110,2.028,5423,pending,ijpa_high_frequency_recon,
57,psychoanalytic training,2,123,69,1.272,5423,pending,ijpa_high_frequency_recon,
58,mental functioning,2,122,95,1.752,5423,pending,ijpa_high_frequency_recon,
59,training analysis,2,122,51,0.94,5423,pending,ijpa_high_frequency_recon,
60,child analysis,2,121,55,1.014,5423,pending,ijpa_high_frequency_recon,development_attachment
61,otto kernberg,2,120,31,0.572,5423,pending,ijpa_high_frequency_recon,
62,take place,2,117,109,2.01,5423,pending,ijpa_high_frequency_recon,
63,clinical work,2,117,96,1.77,5423,pending,ijpa_high_frequency_recon,
64,york usa,2,116,96,1.77,5423,pending,ijpa_high_frequency_recon,
65,psycho-analytic theory,2,115,78,1.438,5423,pending,ijpa_high_frequency_recon,technique_process
66,common ground,2,115,51,0.94,5423,pending,ijpa_high_frequency_recon,
67,difference between,2,113,103,1.899,5423,pending,ijpa_high_frequency_recon,
68,psycho-analytic treatment,2,113,68,1.254,5423,pending,ijpa_high_frequency_recon,technique_process
69,john steiner,2,113,29,0.535,5423,pending,ijpa_high_frequency_recon,
70,defence against,2,111,86,1.586,5423,pending,ijpa_high_frequency_recon,
71,internal objects,2,111,71,1.309,5423,pending,ijpa_high_frequency_recon,object_relations
72,repetition compulsion,2,110,49,0.904,5423,pending,ijpa_high_frequency_recon,
73,british psycho-analytical,2,109,67,1.235,5423,pending,ijpa_high_frequency_recon,
74,psychoanalytic association,2,109,83,1.531,5423,pending,ijpa_high_frequency_recon,
75,primal scene,2,108,46,0.848,5423,pending,ijpa_high_frequency_recon,
76,michael balint,2,108,29,0.535,5423,pending,ijpa_high_frequency_recon,
77,therapeutic action,2,104,48,0.885,5423,pending,ijpa_high_frequency_recon,technique_process
78,clinical prize,2,104,31,0.572,5423,pending,ijpa_high_frequency_recon,
79,aol com,2,104,102,1.881,5423,pending,ijpa_high_frequency_recon,
80,theory technique,2,103,70,1.291,5423,pending,ijpa_high_frequency_recon,technique_process
81,clinical experience,2,103,96,1.77,5423,pending,ijpa_high_frequency_recon,
82,aires argentina,2,103,74,1.365,5423,pending,ijpa_high_frequency_recon,
83,two years,2,102,90,1.66,5423,pending,ijpa_high_frequency_recon,
84,relation between,2,102,86,1.586,5423,pending,ijpa_high_frequency_recon,
85,one another,2,102,98,1.807,5423,pending,ijpa_high_frequency_recon,
86,robert wallerstein,2,102,27,0.498,5423,pending,ijpa_high_frequency_recon,
87,death drive,2,102,46,0.848,5423,pending,ijpa_high_frequency_recon,
88,first time,2,101,94,1.733,5423,pending,ijpa_high_frequency_recon,
89,psycho-analytical association,2,101,63,1.162,5423,pending,ijpa_high_frequency_recon,
90,analytic relationship,2,101,77,1.42,5423,pending,ijpa_high_frequency_recon,technique_process
91,herbert rosenfeld,2,101,23,0.424,5423,pending,ijpa_high_frequency_recon,
92,psycho-analytical congress,2,100,78,1.438,5423,pending,ijpa_high_frequency_recon,
93,heinz weiss,2,100,29,0.535,5423,pending,ijpa_high_frequency_recon,
94,castration complex,2,99,42,0.774,5423,pending,ijpa_high_frequency_recon,
95,differences between,2,98,88,1.623,5423,pending,ijpa_high_frequency_recon,
96,free association,2,98,61,1.125,5423,pending,ijpa_high_frequency_recon,
97,put forward,2,98,93,1.715,5423,pending,ijpa_high_frequency_recon,
98,external reality,2,98,77,1.42,5423,pending,ijpa_high_frequency_recon,
99,object relationship,2,98,56,1.033,5423,pending,ijpa_high_frequency_recon,object_relations
100,hanna segal,2,98,27,0.498,5423,pending,ijpa_high_frequency_recon,
101,joseph sandler,2,98,33,0.609,5423,pending,ijpa_high_frequency_recon,
102,takes place,2,97,91,1.678,5423,pending,ijpa_high_frequency_recon,
103,thinking about,2,97,77,1.42,5423,pending,ijpa_high_frequency_recon,
104,street london,2,97,84,1.549,5423,pending,ijpa_high_frequency_recon,
105,east street,2,97,97,1.789,5423,pending,ijpa_high_frequency_recon,
106,andr green,2,97,40,0.738,5423,pending,ijpa_high_frequency_recon,
107,harold blum,2,96,24,0.443,5423,pending,ijpa_high_frequency_recon,
108,freud's theory,2,95,65,1.199,5423,pending,ijpa_high_frequency_recon,
109,psychoanalytic practice,2,94,65,1.199,5423,pending,ijpa_high_frequency_recon,
110,other words,2,93,88,1.623,5423,pending,ijpa_high_frequency_recon,
111,melanie klein's,2,93,58,1.07,5423,pending,ijpa_high_frequency_recon,
112,interpretation dreams,2,91,56,1.033,5423,pending,ijpa_high_frequency_recon,technique_process
113,analytic treatment,2,90,74,1.365,5423,pending,ijpa_high_frequency_recon,technique_process
114,infantile sexuality,2,90,48,0.885,5423,pending,ijpa_high_frequency_recon,body_sexuality
115,runninghead psychoanalytic,2,90,90,1.66,5423,pending,ijpa_high_frequency_recon,
116,read before,2,89,88,1.623,5423,pending,ijpa_high_frequency_recon,
117,mental health,2,89,60,1.106,5423,pending,ijpa_high_frequency_recon,
118,inner world,2,89,66,1.217,5423,pending,ijpa_high_frequency_recon,
119,many years,2,88,83,1.531,5423,pending,ijpa_high_frequency_recon,
120,ego psychology,2,88,53,0.977,5423,pending,ijpa_high_frequency_recon,
121,psychoanalytic situation,2,88,51,0.94,5423,pending,ijpa_high_frequency_recon,
122,roy schafer,2,88,21,0.387,5423,pending,ijpa_high_frequency_recon,
123,only one,2,87,80,1.475,5423,pending,ijpa_high_frequency_recon,
124,early childhood,2,87,77,1.42,5423,pending,ijpa_high_frequency_recon,
125,unconscious phantasy,2,87,48,0.885,5423,pending,ijpa_high_frequency_recon,
126,leo rangell,2,87,23,0.424,5423,pending,ijpa_high_frequency_recon,
127,http orcid,2,87,70,1.291,5423,pending,ijpa_high_frequency_recon,
128,orcid org,2,87,70,1.291,5423,pending,ijpa_high_frequency_recon,
129,karl abraham,2,86,27,0.498,5423,pending,ijpa_high_frequency_recon,
130,analysis patient,2,86,74,1.365,5423,pending,ijpa_high_frequency_recon,
131,psychic structure,2,86,62,1.143,5423,pending,ijpa_high_frequency_recon,
132,ego development,2,86,57,1.051,5423,pending,ijpa_high_frequency_recon,development_attachment
133,analyst work,2,85,41,0.756,5423,pending,ijpa_high_frequency_recon,
134,internal object,2,85,58,1.07,5423,pending,ijpa_high_frequency_recon,object_relations
135,paris france,2,85,72,1.328,5423,pending,ijpa_high_frequency_recon,
136,years old,2,84,68,1.254,5423,pending,ijpa_high_frequency_recon,
137,conscious unconscious,2,84,74,1.365,5423,pending,ijpa_high_frequency_recon,
138,internal external,2,84,76,1.401,5423,pending,ijpa_high_frequency_recon,
139,psychoanalytical association,2,84,56,1.033,5423,pending,ijpa_high_frequency_recon,
140,psychoanalytic literature,2,84,79,1.457,5423,pending,ijpa_high_frequency_recon,
141,clinical facts,2,83,30,0.553,5423,pending,ijpa_high_frequency_recon,
142,avenue new,2,83,83,1.531,5423,pending,ijpa_high_frequency_recon,
143,recent years,2,82,82,1.512,5423,pending,ijpa_high_frequency_recon,
144,female sexuality,2,82,32,0.59,5423,pending,ijpa_high_frequency_recon,body_sexuality
145,well known,2,81,79,1.457,5423,pending,ijpa_high_frequency_recon,
146,years later,2,81,71,1.309,5423,pending,ijpa_high_frequency_recon,
147,ego superego,2,81,69,1.272,5423,pending,ijpa_high_frequency_recon,
148,between patient,2,81,75,1.383,5423,pending,ijpa_high_frequency_recon,
149,united states,2,81,62,1.143,5423,pending,ijpa_high_frequency_recon,
150,freud's work,2,80,64,1.18,5423,pending,ijpa_high_frequency_recon,
151,unconscious fantasy,2,80,48,0.885,5423,pending,ijpa_high_frequency_recon,
152,obsessional neurosis,2,79,42,0.774,5423,pending,ijpa_high_frequency_recon,
153,emotional experience,2,79,52,0.959,5423,pending,ijpa_high_frequency_recon,affect_trauma_regulation
154,mental processes,2,78,65,1.199,5423,pending,ijpa_high_frequency_recon,
155,paula heimann,2,78,24,0.443,5423,pending,ijpa_high_frequency_recon,
156,betty joseph,2,78,24,0.443,5423,pending,ijpa_high_frequency_recon,
157,primary process,2,78,48,0.885,5423,pending,ijpa_high_frequency_recon,technique_process
158,any other,2,77,76,1.401,5423,pending,ijpa_high_frequency_recon,
159,great deal,2,77,74,1.365,5423,pending,ijpa_high_frequency_recon,
160,even though,2,77,69,1.272,5423,pending,ijpa_high_frequency_recon,
161,american psychoanalytic,2,77,64,1.18,5423,pending,ijpa_high_frequency_recon,
162,symptom formation,2,77,25,0.461,5423,pending,ijpa_high_frequency_recon,
163,world war,2,77,70,1.291,5423,pending,ijpa_high_frequency_recon,
164,leonard shengold,2,77,16,0.295,5423,pending,ijpa_high_frequency_recon,
165,david tuckett,2,77,23,0.424,5423,pending,ijpa_high_frequency_recon,
166,dana birksted-breen,2,76,26,0.479,5423,pending,ijpa_high_frequency_recon,
167,joan riviere,2,75,20,0.369,5423,pending,ijpa_high_frequency_recon,
168,life death,2,75,54,0.996,5423,pending,ijpa_high_frequency_recon,
169,otto fenichel,2,75,22,0.406,5423,pending,ijpa_high_frequency_recon,
170,negative therapeutic,2,75,40,0.738,5423,pending,ijpa_high_frequency_recon,technique_process
171,training analyst,2,75,47,0.867,5423,pending,ijpa_high_frequency_recon,
172,here now,2,75,42,0.774,5423,pending,ijpa_high_frequency_recon,
173,carried out,2,74,72,1.328,5423,pending,ijpa_high_frequency_recon,
174,lampl-de groot,2,74,27,0.498,5423,pending,ijpa_high_frequency_recon,
175,runninghead clinical,2,74,74,1.365,5423,pending,ijpa_high_frequency_recon,
176,art culo,2,74,62,1.143,5423,pending,ijpa_high_frequency_recon,
177,depressive position,2,73,57,1.051,5423,pending,ijpa_high_frequency_recon,
178,psychoanalytic therapy,2,73,42,0.774,5423,pending,ijpa_high_frequency_recon,technique_process
179,runninghead psychoanalysis,2,73,73,1.346,5423,pending,ijpa_high_frequency_recon,
180,took place,2,72,68,1.254,5423,pending,ijpa_high_frequency_recon,
181,freud himself,2,72,69,1.272,5423,pending,ijpa_high_frequency_recon,
182,psychic apparatus,2,72,52,0.959,5423,pending,ijpa_high_frequency_recon,
183,institute psycho-analysis,2,72,49,0.904,5423,pending,ijpa_high_frequency_recon,
184,child development,2,72,38,0.701,5423,pending,ijpa_high_frequency_recon,development_attachment
185,self object,2,72,51,0.94,5423,pending,ijpa_high_frequency_recon,object_relations
186,therapeutic reaction,2,71,33,0.609,5423,pending,ijpa_high_frequency_recon,technique_process
187,analytic setting,2,71,49,0.904,5423,pending,ijpa_high_frequency_recon,technique_process
188,psychoanalytic education,2,71,33,0.609,5423,pending,ijpa_high_frequency_recon,
189,jones ernest,2,70,35,0.645,5423,pending,ijpa_high_frequency_recon,
190,helene deutsch,2,70,25,0.461,5423,pending,ijpa_high_frequency_recon,
191,human beings,2,69,64,1.18,5423,pending,ijpa_high_frequency_recon,
192,melitta schmideberg,2,69,15,0.277,5423,pending,ijpa_high_frequency_recon,
193,castration anxiety,2,69,49,0.904,5423,pending,ijpa_high_frequency_recon,
194,body image,2,69,23,0.424,5423,pending,ijpa_high_frequency_recon,body_sexuality
195,one's own,2,69,60,1.106,5423,pending,ijpa_high_frequency_recon,
196,clinical vignettes,2,69,67,1.235,5423,pending,ijpa_high_frequency_recon,
197,clinical psychoanalysis,2,69,37,0.682,5423,pending,ijpa_high_frequency_recon,
198,glen gabbard,2,69,21,0.387,5423,pending,ijpa_high_frequency_recon,
199,apr s-coup,2,69,28,0.516,5423,pending,ijpa_high_frequency_recon,
200,van der,2,68,25,0.461,5423,pending,ijpa_high_frequency_recon,
201,douglas bryan,2,68,16,0.295,5423,pending,ijpa_high_frequency_recon,
202,freud sigmund,2,68,32,0.59,5423,pending,ijpa_high_frequency_recon,
203,above all,2,68,67,1.235,5423,pending,ijpa_high_frequency_recon,
204,ego ideal,2,68,32,0.59,5423,pending,ijpa_high_frequency_recon,
205,department psychiatry,2,68,63,1.162,5423,pending,ijpa_high_frequency_recon,
206,unconscious fantasies,2,68,48,0.885,5423,pending,ijpa_high_frequency_recon,
207,consulting room,2,67,54,0.996,5423,pending,ijpa_high_frequency_recon,
208,transference interpretation,2,67,34,0.627,5423,pending,ijpa_high_frequency_recon,transference_countertransference
209,fran ois,2,67,19,0.35,5423,pending,ijpa_high_frequency_recon,
210,ideas about,2,66,62,1.143,5423,pending,ijpa_high_frequency_recon,
211,very much,2,66,65,1.199,5423,pending,ijpa_high_frequency_recon,
212,ten years,2,66,61,1.125,5423,pending,ijpa_high_frequency_recon,
213,three years,2,66,57,1.051,5423,pending,ijpa_high_frequency_recon,
214,process runninghead,2,66,66,1.217,5423,pending,ijpa_high_frequency_recon,technique_process
215,analysis runninghead,2,66,66,1.217,5423,pending,ijpa_high_frequency_recon,
216,clinical theoretical,2,66,42,0.774,5423,pending,ijpa_high_frequency_recon,
217,theoretical clinical,2,66,52,0.959,5423,pending,ijpa_high_frequency_recon,
218,ego functions,2,66,52,0.959,5423,pending,ijpa_high_frequency_recon,
219,psycho-analysis runninghead,2,65,65,1.199,5423,pending,ijpa_high_frequency_recon,
220,journal psycho-analysis,2,65,39,0.719,5423,pending,ijpa_high_frequency_recon,
221,conflict between,2,65,59,1.088,5423,pending,ijpa_high_frequency_recon,
222,certain aspects,2,65,55,1.014,5423,pending,ijpa_high_frequency_recon,
223,gustav bychowski,2,65,13,0.24,5423,pending,ijpa_high_frequency_recon,
224,marie bonaparte,2,65,23,0.424,5423,pending,ijpa_high_frequency_recon,
225,terminable interminable,2,65,36,0.664,5423,pending,ijpa_high_frequency_recon,
226,heinz hartmann,2,65,36,0.664,5423,pending,ijpa_high_frequency_recon,
227,masud khan,2,65,18,0.332,5423,pending,ijpa_high_frequency_recon,
228,psychoanalytic psychotherapy,2,65,35,0.645,5423,pending,ijpa_high_frequency_recon,
229,clinical observations,2,64,52,0.959,5423,pending,ijpa_high_frequency_recon,
230,interaction between,2,64,55,1.014,5423,pending,ijpa_high_frequency_recon,
231,link between,2,64,60,1.106,5423,pending,ijpa_high_frequency_recon,
232,development psychoanalysis,2,64,48,0.885,5423,pending,ijpa_high_frequency_recon,development_attachment
233,psychoanalytic thinking,2,64,52,0.959,5423,pending,ijpa_high_frequency_recon,
234,international psychoanalytical,2,63,41,0.756,5423,pending,ijpa_high_frequency_recon,
235,psicoan lisis,2,63,38,0.701,5423,pending,ijpa_high_frequency_recon,
236,abbot bronstein,2,63,19,0.35,5423,pending,ijpa_high_frequency_recon,
237,course analysis,2,62,60,1.106,5423,pending,ijpa_high_frequency_recon,
238,development ego,2,62,44,0.811,5423,pending,ijpa_high_frequency_recon,development_attachment
239,attempt made,2,62,59,1.088,5423,pending,ijpa_high_frequency_recon,
240,brought about,2,62,60,1.106,5423,pending,ijpa_high_frequency_recon,
241,function ego,2,62,30,0.553,5423,pending,ijpa_high_frequency_recon,
242,mental states,2,62,35,0.645,5423,pending,ijpa_high_frequency_recon,
243,central park,2,62,60,1.106,5423,pending,ijpa_high_frequency_recon,
244,street san,2,62,62,1.143,5423,pending,ijpa_high_frequency_recon,
245,clinical situation,2,62,47,0.867,5423,pending,ijpa_high_frequency_recon,
246,contemporary psychoanalysis,2,62,33,0.609,5423,pending,ijpa_high_frequency_recon,
247,jorge ahumada,2,62,18,0.332,5423,pending,ijpa_high_frequency_recon,
248,giuseppe civitarese,2,62,18,0.332,5423,pending,ijpa_high_frequency_recon,
249,francis grier,2,62,21,0.387,5423,pending,ijpa_high_frequency_recon,
250,sense guilt,2,61,38,0.701,5423,pending,ijpa_high_frequency_recon,
1,final version accepted,3,363,363,6.694,5423,pending,ijpa_high_frequency_recon,
2,street new york,3,142,140,2.582,5423,pending,ijpa_high_frequency_recon,
3,new york usa,3,116,96,1.77,5423,pending,ijpa_high_frequency_recon,
4,buenos aires argentina,3,103,74,1.365,5423,pending,ijpa_high_frequency_recon,
5,british psycho-analytical society,3,101,62,1.143,5423,pending,ijpa_high_frequency_recon,
6,international psycho-analytical association,3,96,61,1.125,5423,pending,ijpa_high_frequency_recon,
7,international psycho-analytical congress,3,94,74,1.365,5423,pending,ijpa_high_frequency_recon,
8,http orcid org,3,87,70,1.291,5423,pending,ijpa_high_frequency_recon,
9,east street new,3,81,81,1.494,5423,pending,ijpa_high_frequency_recon,
10,avenue new york,3,77,77,1.42,5423,pending,ijpa_high_frequency_recon,
11,ernest jones ernest,3,70,35,0.645,5423,pending,ijpa_high_frequency_recon,
12,jones ernest jones,3,70,35,0.645,5423,pending,ijpa_high_frequency_recon,
13,negative therapeutic reaction,3,68,33,0.609,5423,pending,ijpa_high_frequency_recon,technique_process
14,freud sigmund freud,3,67,31,0.572,5423,pending,ijpa_high_frequency_recon,
15,american psychoanalytic association,3,67,55,1.014,5423,pending,ijpa_high_frequency_recon,
16,international journal psycho-analysis,3,65,39,0.719,5423,pending,ijpa_high_frequency_recon,
17,between patient analyst,3,61,58,1.07,5423,pending,ijpa_high_frequency_recon,
18,street san francisco,3,61,61,1.125,5423,pending,ijpa_high_frequency_recon,
19,edward glover edward,3,60,30,0.553,5423,pending,ijpa_high_frequency_recon,
20,glover edward glover,3,60,30,0.553,5423,pending,ijpa_high_frequency_recon,
21,central park west,3,60,58,1.07,5423,pending,ijpa_high_frequency_recon,
22,sigmund freud sigmund,3,59,31,0.572,5423,pending,ijpa_high_frequency_recon,
23,news notes comments,3,57,19,0.35,5423,pending,ijpa_high_frequency_recon,
24,beyond pleasure principle,3,55,42,0.774,5423,pending,ijpa_high_frequency_recon,
25,international psychoanalytical association,3,55,38,0.701,5423,pending,ijpa_high_frequency_recon,
26,jeanne lampl-de groot,3,53,14,0.258,5423,pending,ijpa_high_frequency_recon,
27,analysis terminable interminable,3,51,33,0.609,5423,pending,ijpa_high_frequency_recon,
28,thomas ogden thomas,3,51,37,0.682,5423,pending,ijpa_high_frequency_recon,
29,west new york,3,50,49,0.904,5423,pending,ijpa_high_frequency_recon,
30,ogden thomas ogden,3,49,37,0.682,5423,pending,ijpa_high_frequency_recon,
31,com final version,3,48,48,0.885,5423,pending,ijpa_high_frequency_recon,
32,international journal psychoanalysis,3,47,35,0.645,5423,pending,ijpa_high_frequency_recon,
33,version accepted september,3,47,47,0.867,5423,pending,ijpa_high_frequency_recon,
34,park west new,3,45,44,0.811,5423,pending,ijpa_high_frequency_recon,
35,maurice bouvet prize,3,42,12,0.221,5423,pending,ijpa_high_frequency_recon,
36,michael balint michael,3,41,20,0.369,5423,pending,ijpa_high_frequency_recon,
37,balint michael balint,3,41,20,0.369,5423,pending,ijpa_high_frequency_recon,
38,psychoanalytic theory practice,3,41,32,0.59,5423,pending,ijpa_high_frequency_recon,
39,daniel widl cher,3,41,12,0.221,5423,pending,ijpa_high_frequency_recon,
40,melanie klein melanie,3,40,20,0.369,5423,pending,ijpa_high_frequency_recon,
41,klein melanie klein,3,40,20,0.369,5423,pending,ijpa_high_frequency_recon,
42,elias rocha barros,3,39,13,0.24,5423,pending,ijpa_high_frequency_recon,
43,version accepted march,3,39,39,0.719,5423,pending,ijpa_high_frequency_recon,
44,park avenue new,3,38,38,0.701,5423,pending,ijpa_high_frequency_recon,
45,west street new,3,37,35,0.645,5423,pending,ijpa_high_frequency_recon,
46,both patient analyst,3,37,36,0.664,5423,pending,ijpa_high_frequency_recon,
47,herbert rosenfeld herbert,3,37,18,0.332,5423,pending,ijpa_high_frequency_recon,
48,rosenfeld herbert rosenfeld,3,37,18,0.332,5423,pending,ijpa_high_frequency_recon,
49,new cavendish street,3,37,24,0.443,5423,pending,ijpa_high_frequency_recon,
50,cavendish street london,3,37,24,0.443,5423,pending,ijpa_high_frequency_recon,
51,internationale zeitschrift psychoanalyse,3,35,25,0.461,5423,pending,ijpa_high_frequency_recon,
52,san francisco usa,3,35,33,0.609,5423,pending,ijpa_high_frequency_recon,
53,blum harold blum,3,34,18,0.332,5423,pending,ijpa_high_frequency_recon,
54,otto kernberg otto,3,34,24,0.443,5423,pending,ijpa_high_frequency_recon,
55,kernberg otto kernberg,3,34,24,0.443,5423,pending,ijpa_high_frequency_recon,
56,version accepted november,3,34,34,0.627,5423,pending,ijpa_high_frequency_recon,
57,este art culo,3,34,33,0.609,5423,pending,ijpa_high_frequency_recon,
58,therapeutic action psychoanalysis,3,33,17,0.313,5423,pending,ijpa_high_frequency_recon,technique_process
59,hanna segal hanna,3,33,16,0.295,5423,pending,ijpa_high_frequency_recon,
60,segal hanna segal,3,33,16,0.295,5423,pending,ijpa_high_frequency_recon,
61,john steiner john,3,33,24,0.443,5423,pending,ijpa_high_frequency_recon,
62,steiner john steiner,3,33,24,0.443,5423,pending,ijpa_high_frequency_recon,
63,fran ois sirois,3,33,8,0.148,5423,pending,ijpa_high_frequency_recon,
64,rachel blass rachel,3,33,29,0.535,5423,pending,ijpa_high_frequency_recon,
65,blass rachel blass,3,33,29,0.535,5423,pending,ijpa_high_frequency_recon,
66,version accepted october,3,33,33,0.609,5423,pending,ijpa_high_frequency_recon,
67,version accepted january,3,33,33,0.609,5423,pending,ijpa_high_frequency_recon,
68,edward glover london,3,32,32,0.59,5423,pending,ijpa_high_frequency_recon,
69,members international psycho-analytical,3,32,23,0.424,5423,pending,ijpa_high_frequency_recon,
70,leo rangell leo,3,32,16,0.295,5423,pending,ijpa_high_frequency_recon,
71,rangell leo rangell,3,32,16,0.295,5423,pending,ijpa_high_frequency_recon,
72,version accepted february,3,32,32,0.59,5423,pending,ijpa_high_frequency_recon,
73,freud anna freud,3,31,17,0.313,5423,pending,ijpa_high_frequency_recon,
74,secretary institute psycho-analysis,3,31,18,0.332,5423,pending,ijpa_high_frequency_recon,
75,scientific secretary institute,3,31,11,0.203,5423,pending,ijpa_high_frequency_recon,
76,harold blum harold,3,31,18,0.332,5423,pending,ijpa_high_frequency_recon,
77,primitive mental states,3,31,12,0.221,5423,pending,ijpa_high_frequency_recon,
78,london edward glover,3,30,30,0.553,5423,pending,ijpa_high_frequency_recon,
79,institute psycho-analysis new,3,30,18,0.332,5423,pending,ijpa_high_frequency_recon,
80,psycho-analysis new cavendish,3,30,18,0.332,5423,pending,ijpa_high_frequency_recon,
81,robert wallerstein robert,3,30,19,0.35,5423,pending,ijpa_high_frequency_recon,
82,wallerstein robert wallerstein,3,30,19,0.35,5423,pending,ijpa_high_frequency_recon,
83,roy schafer roy,3,30,17,0.313,5423,pending,ijpa_high_frequency_recon,
84,schafer roy schafer,3,30,17,0.313,5423,pending,ijpa_high_frequency_recon,
85,juan jim nez,3,30,9,0.166,5423,pending,ijpa_high_frequency_recon,
86,version accepted april,3,30,30,0.553,5423,pending,ijpa_high_frequency_recon,
87,com http orcid,3,30,30,0.553,5423,pending,ijpa_high_frequency_recon,
88,glover london edward,3,29,29,0.535,5423,pending,ijpa_high_frequency_recon,
89,new york city,3,29,22,0.406,5423,pending,ijpa_high_frequency_recon,
90,van der leeuw,3,29,9,0.166,5423,pending,ijpa_high_frequency_recon,
91,belsize lane london,3,29,29,0.535,5423,pending,ijpa_high_frequency_recon,
92,accepted publication march,3,29,29,0.535,5423,pending,ijpa_high_frequency_recon,
93,ernest jones london,3,28,28,0.516,5423,pending,ijpa_high_frequency_recon,
94,karl abraham karl,3,28,14,0.258,5423,pending,ijpa_high_frequency_recon,
95,abraham karl abraham,3,28,14,0.258,5423,pending,ijpa_high_frequency_recon,
96,anna freud anna,3,28,14,0.258,5423,pending,ijpa_high_frequency_recon,
97,theory parent-infant relationship-contributions,3,28,14,0.258,5423,pending,ijpa_high_frequency_recon,development_attachment
98,between analyst patient,3,28,25,0.461,5423,pending,ijpa_high_frequency_recon,
99,del psicoan lisis,3,28,18,0.332,5423,pending,ijpa_high_frequency_recon,
100,symptom formation character,3,27,8,0.148,5423,pending,ijpa_high_frequency_recon,
101,object relations theory,3,27,16,0.295,5423,pending,ijpa_high_frequency_recon,object_relations
102,suite new york,3,27,27,0.498,5423,pending,ijpa_high_frequency_recon,
103,accepted publication october,3,27,27,0.498,5423,pending,ijpa_high_frequency_recon,
104,douglas bryan douglas,3,26,13,0.24,5423,pending,ijpa_high_frequency_recon,
105,bryan douglas bryan,3,26,13,0.24,5423,pending,ijpa_high_frequency_recon,
106,joan riviere joan,3,26,12,0.221,5423,pending,ijpa_high_frequency_recon,
107,riviere joan riviere,3,26,12,0.221,5423,pending,ijpa_high_frequency_recon,
108,otto fenichel otto,3,26,13,0.24,5423,pending,ijpa_high_frequency_recon,
109,fenichel otto fenichel,3,26,13,0.24,5423,pending,ijpa_high_frequency_recon,
110,must bear mind,3,26,26,0.479,5423,pending,ijpa_high_frequency_recon,
111,melitta schmideberg melitta,3,26,13,0.24,5423,pending,ijpa_high_frequency_recon,
112,schmideberg melitta schmideberg,3,26,13,0.24,5423,pending,ijpa_high_frequency_recon,
113,paula heimann paula,3,26,13,0.24,5423,pending,ijpa_high_frequency_recon,
114,heimann paula heimann,3,26,13,0.24,5423,pending,ijpa_high_frequency_recon,
115,betty joseph betty,3,26,14,0.258,5423,pending,ijpa_high_frequency_recon,
116,joseph betty joseph,3,26,14,0.258,5423,pending,ijpa_high_frequency_recon,
117,drive beverly hills,3,26,26,0.479,5423,pending,ijpa_high_frequency_recon,
118,sandler joseph sandler,3,26,16,0.295,5423,pending,ijpa_high_frequency_recon,
119,leonard shengold leonard,3,26,14,0.258,5423,pending,ijpa_high_frequency_recon,
120,shengold leonard shengold,3,26,14,0.258,5423,pending,ijpa_high_frequency_recon,
121,porto alegre brazil,3,26,19,0.35,5423,pending,ijpa_high_frequency_recon,
122,los angeles usa,3,26,22,0.406,5423,pending,ijpa_high_frequency_recon,
123,version accepted july,3,26,26,0.479,5423,pending,ijpa_high_frequency_recon,
124,jones london ernest,3,25,25,0.461,5423,pending,ijpa_high_frequency_recon,
125,london ernest jones,3,25,25,0.461,5423,pending,ijpa_high_frequency_recon,
126,freud pointed out,3,25,24,0.443,5423,pending,ijpa_high_frequency_recon,
127,gustav bychowski gustav,3,25,13,0.24,5423,pending,ijpa_high_frequency_recon,
128,bychowski gustav bychowski,3,25,13,0.24,5423,pending,ijpa_high_frequency_recon,
129,runninghead clinical prize,3,25,25,0.461,5423,pending,ijpa_high_frequency_recon,
130,freeman thomas freeman,3,25,12,0.221,5423,pending,ijpa_high_frequency_recon,
131,british psychoanalytical society,3,25,16,0.295,5423,pending,ijpa_high_frequency_recon,
132,accepted publication december,3,25,25,0.461,5423,pending,ijpa_high_frequency_recon,
133,first year life,3,24,22,0.406,5423,pending,ijpa_high_frequency_recon,
134,melitta sperling melitta,3,24,12,0.221,5423,pending,ijpa_high_frequency_recon,
135,sperling melitta sperling,3,24,12,0.221,5423,pending,ijpa_high_frequency_recon,
136,heinz weiss heinz,3,24,19,0.35,5423,pending,ijpa_high_frequency_recon,
137,weiss heinz weiss,3,24,19,0.35,5423,pending,ijpa_high_frequency_recon,
138,accepted publication august,3,24,24,0.443,5423,pending,ijpa_high_frequency_recon,
139,clinical prize runninghead,3,23,23,0.424,5423,pending,ijpa_high_frequency_recon,
140,prize runninghead clinical,3,23,23,0.424,5423,pending,ijpa_high_frequency_recon,
141,beverly hills calif,3,23,23,0.424,5423,pending,ijpa_high_frequency_recon,
142,michigan avenue chicago,3,23,21,0.387,5423,pending,ijpa_high_frequency_recon,
143,thomas freeman thomas,3,23,12,0.221,5423,pending,ijpa_high_frequency_recon,
144,theory psychoanalytic technique,3,23,9,0.166,5423,pending,ijpa_high_frequency_recon,technique_process
145,sandler anne-marie sandler,3,23,7,0.129,5423,pending,ijpa_high_frequency_recon,
146,thomas ogden laurel,3,23,23,0.424,5423,pending,ijpa_high_frequency_recon,
147,before british psycho-analytical,3,22,22,0.406,5423,pending,ijpa_high_frequency_recon,
148,ella sharpe ella,3,22,11,0.203,5423,pending,ijpa_high_frequency_recon,
149,inhibitions symptoms anxiety,3,22,20,0.369,5423,pending,ijpa_high_frequency_recon,
150,between analyst analysand,3,22,20,0.369,5423,pending,ijpa_high_frequency_recon,
151,angel garma angel,3,22,10,0.184,5423,pending,ijpa_high_frequency_recon,
152,garma angel garma,3,22,10,0.184,5423,pending,ijpa_high_frequency_recon,
153,beverly hills california,3,22,22,0.406,5423,pending,ijpa_high_frequency_recon,
154,charles rycroft charles,3,22,11,0.203,5423,pending,ijpa_high_frequency_recon,
155,rycroft charles rycroft,3,22,11,0.203,5423,pending,ijpa_high_frequency_recon,
156,maresfield gardens london,3,22,22,0.406,5423,pending,ijpa_high_frequency_recon,
157,masud khan masud,3,22,11,0.203,5423,pending,ijpa_high_frequency_recon,
158,khan masud khan,3,22,11,0.203,5423,pending,ijpa_high_frequency_recon,
159,john klauber john,3,22,11,0.203,5423,pending,ijpa_high_frequency_recon,
160,klauber john klauber,3,22,11,0.203,5423,pending,ijpa_high_frequency_recon,
161,fifth avenue new,3,22,22,0.406,5423,pending,ijpa_high_frequency_recon,
162,andr green andr,3,22,14,0.258,5423,pending,ijpa_high_frequency_recon,
163,green andr green,3,22,14,0.258,5423,pending,ijpa_high_frequency_recon,
164,suite los angeles,3,22,21,0.387,5423,pending,ijpa_high_frequency_recon,
165,dana birksted-breen dana,3,22,11,0.203,5423,pending,ijpa_high_frequency_recon,
166,birksted-breen dana birksted-breen,3,22,11,0.203,5423,pending,ijpa_high_frequency_recon,
167,version accepted december,3,22,22,0.406,5423,pending,ijpa_high_frequency_recon,
168,events changes mental,3,21,21,0.387,5423,pending,ijpa_high_frequency_recon,
169,changes mental life,3,21,21,0.387,5423,pending,ijpa_high_frequency_recon,
170,mental life patient,3,21,21,0.387,5423,pending,ijpa_high_frequency_recon,
171,life patient relation,3,21,21,0.387,5423,pending,ijpa_high_frequency_recon,
172,patient relation external,3,21,21,0.387,5423,pending,ijpa_high_frequency_recon,
173,relation external environment,3,21,21,0.387,5423,pending,ijpa_high_frequency_recon,
174,external environment awarding,3,21,21,0.387,5423,pending,ijpa_high_frequency_recon,
175,environment awarding prize,3,21,21,0.387,5423,pending,ijpa_high_frequency_recon,
176,awarding prize judges,3,21,21,0.387,5423,pending,ijpa_high_frequency_recon,
177,prize judges pay,3,21,21,0.387,5423,pending,ijpa_high_frequency_recon,
178,judges pay attention,3,21,21,0.387,5423,pending,ijpa_high_frequency_recon,
179,pay attention acuity,3,21,21,0.387,5423,pending,ijpa_high_frequency_recon,
180,attention acuity observation,3,21,21,0.387,5423,pending,ijpa_high_frequency_recon,
181,facts stated writer,3,21,21,0.387,5423,pending,ijpa_high_frequency_recon,
182,stated writer wishes,3,21,21,0.387,5423,pending,ijpa_high_frequency_recon,
183,writer wishes draw,3,21,21,0.387,5423,pending,ijpa_high_frequency_recon,
184,wishes draw theoretical,3,21,21,0.387,5423,pending,ijpa_high_frequency_recon,
185,draw theoretical conclusions,3,21,21,0.387,5423,pending,ijpa_high_frequency_recon,
186,theoretical conclusions must,3,21,21,0.387,5423,pending,ijpa_high_frequency_recon,
187,conclusions must bear,3,21,21,0.387,5423,pending,ijpa_high_frequency_recon,
188,bear mind necessity,3,21,21,0.387,5423,pending,ijpa_high_frequency_recon,
189,mind necessity making,3,21,21,0.387,5423,pending,ijpa_high_frequency_recon,
190,necessity making evidence,3,21,21,0.387,5423,pending,ijpa_high_frequency_recon,
191,making evidence conclusions,3,21,21,0.387,5423,pending,ijpa_high_frequency_recon,
192,evidence conclusions carry,3,21,21,0.387,5423,pending,ijpa_high_frequency_recon,
193,conclusions carry conviction,3,21,21,0.387,5423,pending,ijpa_high_frequency_recon,
194,quarto ample left-hand,3,21,21,0.387,5423,pending,ijpa_high_frequency_recon,
195,ample left-hand margin,3,21,21,0.387,5423,pending,ijpa_high_frequency_recon,
196,clifford scott clifford,3,21,10,0.184,5423,pending,ijpa_high_frequency_recon,
197,scott clifford scott,3,21,10,0.184,5423,pending,ijpa_high_frequency_recon,
198,hon scientific secretary,3,21,12,0.221,5423,pending,ijpa_high_frequency_recon,
199,joseph sandler joseph,3,21,11,0.203,5423,pending,ijpa_high_frequency_recon,
200,theory clinical practice,3,21,16,0.295,5423,pending,ijpa_high_frequency_recon,
201,gmail com http,3,21,21,0.387,5423,pending,ijpa_high_frequency_recon,
202,read before british,3,20,20,0.369,5423,pending,ijpa_high_frequency_recon,
203,theodor reik theodor,3,20,10,0.184,5423,pending,ijpa_high_frequency_recon,
204,reik theodor reik,3,20,10,0.184,5423,pending,ijpa_high_frequency_recon,
205,oedipus complex runninghead,3,20,20,0.369,5423,pending,ijpa_high_frequency_recon,
206,helene deutsch helene,3,20,10,0.184,5423,pending,ijpa_high_frequency_recon,
207,deutsch helene deutsch,3,20,10,0.184,5423,pending,ijpa_high_frequency_recon,
208,congress international psycho-analytical,3,20,16,0.295,5423,pending,ijpa_high_frequency_recon,
209,institute psycho-analysis london,3,20,18,0.332,5423,pending,ijpa_high_frequency_recon,
210,marjorie brierley marjorie,3,20,10,0.184,5423,pending,ijpa_high_frequency_recon,
211,brierley marjorie brierley,3,20,10,0.184,5423,pending,ijpa_high_frequency_recon,
212,requirements shall consist,3,20,20,0.369,5423,pending,ijpa_high_frequency_recon,
213,shall consist clinical,3,20,20,0.369,5423,pending,ijpa_high_frequency_recon,
214,consist clinical record,3,20,20,0.369,5423,pending,ijpa_high_frequency_recon,
215,carry conviction recommended,3,20,20,0.369,5423,pending,ijpa_high_frequency_recon,
216,conviction recommended length,3,20,20,0.369,5423,pending,ijpa_high_frequency_recon,
217,recommended length exceed,3,20,20,0.369,5423,pending,ijpa_high_frequency_recon,
218,typescript quarto ample,3,20,20,0.369,5423,pending,ijpa_high_frequency_recon,
219,left-hand margin must,3,20,20,0.369,5423,pending,ijpa_high_frequency_recon,
220,margin must triplicate,3,20,20,0.369,5423,pending,ijpa_high_frequency_recon,
221,must triplicate sent,3,20,20,0.369,5423,pending,ijpa_high_frequency_recon,
222,nature therapeutic action,3,20,8,0.148,5423,pending,ijpa_high_frequency_recon,technique_process
223,all copies submitted,3,20,20,0.369,5423,pending,ijpa_high_frequency_recon,
224,copies submitted become,3,20,20,0.369,5423,pending,ijpa_high_frequency_recon,
225,submitted become ipso,3,20,20,0.369,5423,pending,ijpa_high_frequency_recon,
226,become ipso facto,3,20,20,0.369,5423,pending,ijpa_high_frequency_recon,
227,ipso facto property,3,20,20,0.369,5423,pending,ijpa_high_frequency_recon,
228,new york psychoanalytic,3,20,14,0.258,5423,pending,ijpa_high_frequency_recon,
229,lampl-de groot jeanne,3,20,10,0.184,5423,pending,ijpa_high_frequency_recon,
230,groot jeanne lampl-de,3,20,10,0.184,5423,pending,ijpa_high_frequency_recon,
231,detailed clinical material,3,20,20,0.369,5423,pending,ijpa_high_frequency_recon,
232,runninghead news notes,3,20,20,0.369,5423,pending,ijpa_high_frequency_recon,
233,three theory sexuality,3,20,14,0.258,5423,pending,ijpa_high_frequency_recon,body_sexuality
234,submitted any year,3,20,13,0.24,5423,pending,ijpa_high_frequency_recon,
235,ralph greenson ralph,3,20,10,0.184,5423,pending,ijpa_high_frequency_recon,
236,greenson ralph greenson,3,20,10,0.184,5423,pending,ijpa_high_frequency_recon,
237,life death instincts,3,20,14,0.258,5423,pending,ijpa_high_frequency_recon,
238,harold stewart harold,3,20,10,0.184,5423,pending,ijpa_high_frequency_recon,
239,stewart harold stewart,3,20,10,0.184,5423,pending,ijpa_high_frequency_recon,
240,david tuckett david,3,20,15,0.277,5423,pending,ijpa_high_frequency_recon,
241,tuckett david tuckett,3,20,15,0.277,5423,pending,ijpa_high_frequency_recon,
242,ahumada jorge ahumada,3,20,11,0.203,5423,pending,ijpa_high_frequency_recon,
243,version accepted august,3,20,20,0.369,5423,pending,ijpa_high_frequency_recon,
244,journal abnormal psychology,3,19,4,0.074,5423,pending,ijpa_high_frequency_recon,
245,between internal external,3,19,19,0.35,5423,pending,ijpa_high_frequency_recon,
246,both analyst patient,3,19,19,0.35,5423,pending,ijpa_high_frequency_recon,
247,sending language format,3,19,19,0.35,5423,pending,ijpa_high_frequency_recon,language_narrative_meaning
248,language format etc,3,19,19,0.35,5423,pending,ijpa_high_frequency_recon,language_narrative_meaning
249,institute all copies,3,19,19,0.35,5423,pending,ijpa_high_frequency_recon,
250,facto property institute,3,19,19,0.35,5423,pending,ijpa_high_frequency_recon,
